P1000001	SPARTAN	P1_B_FLOW	kg/hour	12	sprintf	%5.4f	Loop B Pump Flowrate (kg/hr)	Loop B Pump Flowrate (kg/hr) Flow rate of Ammonia being moved by ETCS Pump
P1000002	SPARTAN	P1_B_PRES	kPa	12	sprintf	%5.4f	Loop B PM Out Press (kPa)	Loop B PM Out Press (kPa) Pressure of Ammonia coming out of the pump.
P1000003	SPARTAN	P1_B_TEMP	celcius	12	sprintf	%5.4f	Loop B PM Out Temp (deg C)	Loop B PM Out Temp (deg C) Temperature of the ammonia coming out of the pump, before it starts taking on the heat of ISS loads.
P1000004	CRONUS	RFG2_AZ	degrees	12	sprintf	%5.4f	S-Band Radio Frequency Group (RFG 2) Azimuth Gimbal Position	S-Band Radio Frequency Group (RFG 2) Azimuth Gimbal Position
P1000005	CRONUS	RFG2_EL	degrees	12	sprintf	%5.4f	S-Band Radio Frequency Group (RFG 2) Elevation Gimbal Position	S-Band Radio Frequency Group (RFG 2) Elevation Gimbal Position
P1000006	CRONUS	P1_MDM1	event	64	enum	0=Off|1=On|3=Failed	P1 Truss Multiplexer/Demultiplexer (MDM) 1 on-off status	P1 Truss Multiplexer/Demultiplexer (MDM) 1 on-off status
P1000007	CRONUS	RFG2_STAT	event	64	enum	0=Off|1=On|3=Failed	S-Band Radio Frequency Group (RFG 2), on-off status	S-Band Radio Frequency Group (RFG 2), on-off status
P1000008	CRONUS	STR_P_MDM	event	64	enum	0=Off|1=On|3=Failed	Port Thermal Radiator (STR) Multiplexer/Demultiplexer (MDM) on-off status	Port Thermal Radiator (STR) Multiplexer/Demultiplexer (MDM) on-off status
P1000009	CRONUS	P1_MDM2	event	64	enum	0=Off|1=On|3=Failed	P1 Truss Multiplexer/Demultiplexer (MDM) 2 on-off status	P1 Truss Multiplexer/Demultiplexer (MDM) 2 on-off status
P3000001	CRONUS	P3_MDM1	event	64	enum	0=Off|1=On|3=Failed	P3 Truss Multiplexer/Demultiplexer (MDM) 1 on-off status	P3 Truss Multiplexer/Demultiplexer (MDM) 1 on-off status
P3000002	CRONUS	P3_MDM2	event	64	enum	0=Off|1=On|3=Failed	P3 Truss Multiplexer/Demultiplexer (MDM) 2 on-off status	P3 Truss Multiplexer/Demultiplexer (MDM) 2 on-off status
P4000001	SPARTAN	P4_PVCU_2A_V	volts	12	sprintf	%5.4f	Photovolatic Control Unit (PVCU) - Solar Array - 2A - Drive Voltage	Photovolatic Control Unit (PVCU) - Solar Array - 2A - Drive Voltage
P4000002	SPARTAN	P4_PVCU_2A_I	amperes	12	sprintf	%5.4f	Photovolatic Control Unit (PVCU) - Solar Array - 2A - Drive Current	Photovolatic Control Unit (PVCU) - Solar Array - 2A - Drive Current
P4000003	CRONUS	P4_PVCU_2A_MDM1	event	64	enum	0=Not Enabled|1=Enabled	Photovolatic Control Unit (PVCU) - Solar Array - 2A Multiplexer/Demultiplexer (MDM) 120 Volt On-Off Status	Photovolatic Control Unit (PVCU) - Solar Array - 2A Multiplexer/Demultiplexer (MDM) 120 Volt On-Off Status
P4000004	SPARTAN	P4_PVCU_4A_V	volts	12	sprintf	%5.4f	Photovolatic Control Unit (PVCU) - Solar Array - 4A - Drive Voltage	Photovolatic Control Unit (PVCU) - Solar Array - 4A - Drive Voltage
P4000005	SPARTAN	P4_PVCU_4A_I	amperes	12	sprintf	%5.4f	Photovolatic Control Unit (PVCU) - Solar Array - 4A - Drive Current	Photovolatic Control Unit (PVCU) - Solar Array - 4A - Drive Current
P4000006	CRONUS	P4_PVCU_4A_MDM1	event	64	enum	0=Not Enabled|1=Enabled	Photovolatic Control Unit (PVCU) - Solar Array - 4A Multiplexer/Demultiplexer (MDM) 120 Volt On-Off Status	Photovolatic Control Unit (PVCU) - Solar Array - 4A Multiplexer/Demultiplexer (MDM) 120 Volt On-Off Status
P4000007	SPARTAN	P4_PVCU_2A_BGA	degrees	12	sprintf	%5.4f	Photovolatic Control Unit (PVCU) - Solar Array - 2A - Beta Gimble Assembly (BGA) Position (degrees)	Photovolatic Control Unit (PVCU) - Solar Array - 2A - Beta Gimble Assembly (BGA) Position (degrees) 0 degrees points inboard
P4000008	SPARTAN	P4_PVCU_4A_BGA	degrees	12	sprintf	%5.4f	Photovolatic Control Unit (PVCU) - Solar Array - 4A - Beta Gimble Assembly (BGA) Position (degrees)	Photovolatic Control Unit (PVCU) - Solar Array - 4A - Beta Gimble Assembly (BGA) Position (degrees) 0 degrees points inboard
P6000001	SPARTAN	P6_PVCU_4B_V	volts	12	sprintf	%5.4f	Photovolatic Control Unit (PVCU) - Solar Array - 4B - Drive Voltage	Photovolatic Control Unit (PVCU) - Solar Array - 4B - Drive Voltage
P6000002	SPARTAN	P6_PVCU_4B_I	amperes	12	sprintf	%5.4f	Photovolatic Control Unit (PVCU) - Solar Array - 4B - Drive Current	Photovolatic Control Unit (PVCU) - Solar Array - 4B - Drive Current
P6000003	CRONUS	P6_PVCU_4B_MDM1	event	64	enum	0=Not Enabled|1=Enabled	Photovolatic Control Unit (PVCU) - Solar Array - 4B Multiplexer/Demultiplexer (MDM) 120 Volt On-Off Status	Photovolatic Control Unit (PVCU) - Solar Array - 4B Multiplexer/Demultiplexer (MDM) 120 Volt On-Off Status
P6000004	SPARTAN	P6_PVCU_2B_V	volts	12	sprintf	%5.4f	Photovolatic Control Unit (PVCU) - Solar Array - 2B - Drive Voltage	Photovolatic Control Unit (PVCU) - Solar Array - 2B - Drive Voltage
P6000005	SPARTAN	P6_PVCU_2B_I	amperes	12	sprintf	%5.4f	Photovolatic Control Unit (PVCU) - Solar Array - 2B - Drive Current	Photovolatic Control Unit (PVCU) - Solar Array - 2B - Drive Current
P6000006	CRONUS	P6_PVCU_2B_MDM1	event	64	enum	0=Not Enabled|1=Enabled	Photovolatic Control Unit (PVCU) - Solar Array - 2B Multiplexer/Demultiplexer (MDM) 120 Volt On-Off Status	Photovolatic Control Unit (PVCU) - Solar Array - 2B Multiplexer/Demultiplexer (MDM) 120 Volt On-Off Status
P6000007	SPARTAN	P6_PVCU_4B_BGA	degrees	12	sprintf	%5.4f	Photovolatic Control Unit (PVCU) - Solar Array - 4B - Beta Gimble Assembly (BGA) Position (degrees)	Photovolatic Control Unit (PVCU) - Solar Array - 4B - Beta Gimble Assembly (BGA) Position (degrees) 0 degrees points inboard
P6000008	SPARTAN	P6_PVCU_2B_BGA	degrees	12	sprintf	%5.4f	Photovolatic Control Unit (PVCU) - Solar Array - 2B - Beta Gimble Assembly (BGA) Position (degrees)	Photovolatic Control Unit (PVCU) - Solar Array - 2B - Beta Gimble Assembly (BGA) Position (degrees) 0 degrees points inboard
S0000001	VVO	S0_TRRJ_S	degrees	12	sprintf	%5.4f	Starboard Thermal Radiator Rotating Joint (TRRJ) Position (degrees)	Starboard Thermal Radiator Rotating Joint (TRRJ) Position (degrees)
S0000002	VVO	S0_TRRJ_P	degrees	64	enum	115	Port Thermal Radiator Rotating Joint (TRRJ) Position (degrees)	Port Thermal Radiator Rotating Joint (TRRJ) Position (degrees) Zero degrees is
S0000003	VVO	S0_SARJ_S	degrees	12	sprintf	%5.4f	Solar Alpha Rotary Joint (SARJ) Starboard Joint Angle Position (degrees)	Solar Alpha Rotary Joint (SARJ) Starboard Joint Angle Position (degrees) Position of the rotary joint based on the output of the active joint resolver corrected for bias (ADO), or if neither joint resolver is excited the Joint_Position_MAR from SARJ_C.
S0000004	VVO	S0_SARJ_P	degrees	12	sprintf	%5.4f	Solar Alpha Rotary Joint (SARJ) Port Joint Angle Position (degrees)	Solar Alpha Rotary Joint (SARJ) Port Joint Angle Position (degrees) Position of the rotary joint based on the output of the active joint resolver corrected for bias (ADO), or if neither joint resolver is excited the Joint_Position_MAR from SARJ_C.
S0000005	VVO	S0_SARJ_P_C	degrees	12	sprintf	%5.4f	Solar Alpha Rotary Joint (SARJ) Port Joint Angle Commanded Position (degrees)	Solar Alpha Rotary Joint (SARJ) Port Joint Angle Commanded Position (degrees)
S0000006	VVO	S0_TRRJ_B_M	event	64	enum	1=STANDBY|2=RESTART|3=CHECKOUT|4=DIRECTED_POSITION|5=AUTOTRACK|6=BLIND|7=SHUTDOWN|8=SWITCHOVER	External Thermal Control System (ETCS) - Thermal Radiator Rotating Joint (TRRJ) - Loop B - Software mode	External Thermal Control System (ETCS) - Thermal Radiator Rotating Joint (TRRJ) - Loop B - Software mode
S0000007	VVO	S0_TRRJ_A_M	event	64	enum	1=STANDBY|2=RESTART|3=CHECKOUT|4=DIRECTED_POSITION|5=AUTOTRACK|6=BLIND|7=SHUTDOWN|8=SWITCHOVER	External Thermal Control System (ETCS) - Thermal Radiator Rotating Joint (TRRJ) - Loop A - Software mode	External Thermal Control System (ETCS) - Thermal Radiator Rotating Joint (TRRJ) - Loop A - Software mode
S0000008	VVO	S0_SARJ_P_M	event	64	enum	1=STANDBY|2=RESTART|3=CHECKOUT|4=DIRECTED_POSITION|5=AUTOTRACK|6=BLIND|7=SHUTDOWN|8=SWITCHOVER	External Primary Solar Alpha Rotary Joint (SARJ) Port Mode	External Primary Solar Alpha Rotary Joint (SARJ) Port Mode
S0000009	VVO	S0_SARJ_S_M	event	64	enum	1=STANDBY|2=RESTART|3=CHECKOUT|4=DIRECTED_POSITION|5=AUTOTRACK|6=BLIND|7=SHUTDOWN|8=SWITCHOVER	External Primary Solar Alpha Rotary Joint (SARJ) Starboard Mode	External Primary Solar Alpha Rotary Joint (SARJ) Starboard Mode
S0000010	CRONUS	S0_ECZ_MDM1	event	64	enum	0=Off|1=On|3=Failed	External Control Zone Multiplexer/Demultiplexer (MDM) 1 on-off status	External Control Zone Multiplexer/Demultiplexer (MDM) 1 on-off status
S0000011	CRONUS	S0_MDM1	event	64	enum	0=Off|1=On|3=Failed	S0 Truss Multiplexer/Demultiplexer (MDM) 1 on-off status	S0 Truss Multiplexer/Demultiplexer (MDM) 1 on-off status
S0000012	CRONUS	S0_ECZ_MDM2	event	64	enum	0=Off|1=On|3=Failed	External Control Zone Multiplexer/Demultiplexer (MDM) 2 on-off status	External Control Zone Multiplexer/Demultiplexer (MDM) 2 on-off status
S0000013	CRONUS	S0_MDM2	event	64	enum	0=Off|1=On|3=Failed	S0 Truss Multiplexer/Demultiplexer (MDM) 2 on-off status	S0 Truss Multiplexer/Demultiplexer (MDM) 2 on-off status
S1000001	SPARTAN	S1_A_FLOW	kg/hour	12	sprintf	%5.4f	Loop A Pump Flowrate (kg/hr)	Loop A Pump Flowrate (kg/hr) Flow rate of Ammonia being moved by ETCS Pump
S1000002	SPARTAN	S1_A_PRES	kPa	12	sprintf	%5.4f	Loop A PM Out Press (kPa)	Loop A PM Out Press (kPa) Pressure of Ammonia coming out of the pump
S1000003	SPARTAN	S1_A_TEMP	celcius	12	sprintf	%5.4f	Loop A PM Out Temp (deg C)	Loop A PM Out Temp (deg C) Temperature of the ammonia coming out of the pump, before it starts taking on the heat of ISS loads.
S1000004	CRONUS	RFG1_AZ	degrees	12	sprintf	%5.4f	S-Band Radio Frequency Group (RFG 1) Azimuth Gimbal Position	S-Band Radio Frequency Group (RFG 1) Azimuth Gimbal Position
S1000005	VVO	RFG1_EL	degrees	12	sprintf	%5.4f	S-Band Radio Frequency Group (RFG 1) Elevation Gimbal Position	S-Band Radio Frequency Group (RFG 1) Elevation Gimbal Position
S1000006	CRONUS	STR_S_MDM	event	64	enum	0=Off|1=On|3=Failed	Starboard Thermal Radiator (STR) Multiplexer/Demultiplexer (MDM) on-off status	Starboard Thermal Radiator (STR) Multiplexer/Demultiplexer (MDM) on-off status
S1000007	CRONUS	S1_MDM1	event	64	enum	0=Off|1=On|3=Failed	S1 Truss Multiplexer/Demultiplexer (MDM) 1 on-off status	S1 Truss Multiplexer/Demultiplexer (MDM) 1 on-off status
S1000008	CRONUS	S1_MDM2	event	64	enum	0=Off|1=On|3=Failed	S1 Truss Multiplexer/Demultiplexer (MDM) 2 on-off status	S1 Truss Multiplexer/Demultiplexer (MDM) 2 on-off status
S1000009	CRONUS	RFG1	event	64	enum	0=Off|1=On|3=Failed	S-Band Radio Frequency Group (RFG 1), on-off status	S-Band Radio Frequency Group (RFG 1), on-off status
S3000001	CRONUS	S3_MDM1	event	64	enum	0=Off|1=On|3=Failed	S3 Truss Multiplexer/Demultiplexer (MDM) 1 on-off status	S3 Truss Multiplexer/Demultiplexer (MDM) 1 on-off status
S3000002	CRONUS	S3_MDM2	event	64	enum	0=Off|1=On|3=Failed	S3 Truss Multiplexer/Demultiplexer (MDM) 2 on-off status	S3 Truss Multiplexer/Demultiplexer (MDM) 2 on-off status
S4000001	SPARTAN	S4_PVCU_1A_V	volts	12	sprintf	%5.4f	Photovolatic Control Unit (PVCU) - Solar Array - 1A - Drive Voltage	Photovolatic Control Unit (PVCU) - Solar Array - 1A - Drive Voltage
S4000002	SPARTAN	S4_PVCU_1A_I	amperes	12	sprintf	%5.4f	Photovolatic Control Unit (PVCU) - Solar Array - 1A - Drive Current	Photovolatic Control Unit (PVCU) - Solar Array - 1A - Drive Current
S4000003	CRONUS	S4_PVCU_1A_MDM	event	64	enum	0=Not Enabled|1=Enabled	Photovolatic Control Unit (PVCU) - Solar Array - 1A Multiplexer/Demultiplexer (MDM) 120 Volt On-Off Status	Photovolatic Control Unit (PVCU) - Solar Array - 1A Multiplexer/Demultiplexer (MDM) 120 Volt On-Off Status
S4000004	SPARTAN	S4_PVCU_3A_V	volts	12	sprintf	%5.4f	Photovolatic Control Unit (PVCU) - Solar Array - 3A - Drive Voltage	Photovolatic Control Unit (PVCU) - Solar Array - 3A - Drive Voltage
S4000005	SPARTAN	S4_PVCU_3A_I	amperes	12	sprintf	%5.4f	Photovolatic Control Unit (PVCU) - Solar Array - 3A - Drive Current	Photovolatic Control Unit (PVCU) - Solar Array - 3A - Drive Current
S4000006	CRONUS	S4_PVCU_3A_MDM	event	64	enum	0=Not Enabled|1=Enabled	Photovolatic Control Unit (PVCU) - Solar Array - 3A Multiplexer/Demultiplexer (MDM) 120 Volt On-Off Status	Photovolatic Control Unit (PVCU) - Solar Array - 3A Multiplexer/Demultiplexer (MDM) 120 Volt On-Off Status
S4000007	SPARTAN	S4_PVCU_1A_BGA	degrees	12	sprintf	%5.4f	Photovolatic Control Unit (PVCU) - Solar Array - 1A - Beta Gimble Assembly (BGA) Position (degrees)	Photovolatic Control Unit (PVCU) - Solar Array - 1A - Beta Gimble Assembly (BGA) Position (degrees) 0 degrees points inboard
S4000008	SPARTAN	S4_PVCU_3A_BGA	degrees	12	sprintf	%5.4f	Photovolatic Control Unit (PVCU) - Solar Array - 3A - Beta Gimble Assembly (BGA) Position (degrees)	Photovolatic Control Unit (PVCU) - Solar Array - 3A - Beta Gimble Assembly (BGA) Position (degrees) 0 degrees points inboard
S6000001	SPARTAN	S6_PVCU_3B_V	volts	12	sprintf	%5.4f	Photovolatic Control Unit (PVCU) - Solar Array - 3B - Drive Voltage	Photovolatic Control Unit (PVCU) - Solar Array - 3B - Drive Voltage
S6000002	SPARTAN	S6_PVCU_3B_I	amperes	12	sprintf	%5.4f	Photovolatic Control Unit (PVCU) - Solar Array - 3B - Drive Current	Photovolatic Control Unit (PVCU) - Solar Array - 3B - Drive Current
S6000003	CRONUS	S6_PVCU_3B_MDM	event	64	enum	0=Not Enabled|1=Enabled	Photovolatic Control Unit (PVCU) - Solar Array - 3B Multiplexer/Demultiplexer (MDM) 120 Volt On-Off Status	Photovolatic Control Unit (PVCU) - Solar Array - 3B Multiplexer/Demultiplexer (MDM) 120 Volt On-Off Status
S6000004	SPARTAN	S6_PVCU_1B_V	volts	12	sprintf	%5.4f	Photovolatic Control Unit (PVCU) - Solar Array - 1B - Drive Voltage	Photovolatic Control Unit (PVCU) - Solar Array - 1B - Drive Voltage
S6000005	SPARTAN	S6_PVCU_1B_I	amperes	12	sprintf	%5.4f	Photovolatic Control Unit (PVCU) - Solar Array - 1B - Drive Current	Photovolatic Control Unit (PVCU) - Solar Array - 1B - Drive Current
S6000006	CRONUS	S6_PVCU_1B_MDM	event	64	enum	0=Not Enabled|1=Enabled	Photovolatic Control Unit (PVCU) - Solar Array - 1B Multiplexer/Demultiplexer (MDM) 120 Volt On-Off Status	Photovolatic Control Unit (PVCU) - Solar Array - 1B Multiplexer/Demultiplexer (MDM) 120 Volt On-Off Status
S6000007	SPARTAN	S6_PVCU_3B_BGA	degrees	12	sprintf	%5.4f	Photovolatic Control Unit (PVCU) - Solar Array - 3B - Beta Gimble Assembly (BGA) Position (degrees)	Photovolatic Control Unit (PVCU) - Solar Array - 3B - Beta Gimble Assembly (BGA) Position (degrees) 0 degrees points inboard
S6000008	SPARTAN	S6_PVCU_1B_BGA	degrees	12	sprintf	%5.4f	Photovolatic Control Unit (PVCU) - Solar Array - 1B - Beta Gimble Assembly (BGA) Position (degrees)	Photovolatic Control Unit (PVCU) - Solar Array - 1B - Beta Gimble Assembly (BGA) Position (degrees) 0 degrees points inboard
Z1000001	ADCO	CMG1_VIBR	g	12	sprintf	%5.4f	Control Moment Gyroscope (CMG)-1 Vibration (g)	Control Moment Gyroscope (CMG)-1 Vibration (g). CMG-1 vibration sensor output. Measures vibration of the Inner Gimbal (IG). Used as an indicator of a possible spin bearing failure.
Z1000002	ADCO	CMG2_VIBR	g	12	sprintf	%5.4f	Control Moment Gyroscope (CMG)-2 Vibration (g)	Control Moment Gyroscope (CMG)-2 Vibration (g). CMG-2 vibration sensor output. Measures vibration of the Inner Gimbal (IG). Used as an indicator of a possible spin bearing failure.
Z1000003	ADCO	CMG3_VIBR	g	12	sprintf	%5.4f	Control Moment Gyroscope (CMG)-3 Vibration (g)	Control Moment Gyroscope (CMG)-3 Vibration (g). CMG-3 vibration sensor output. Measures vibration of the Inner Gimbal (IG). Used as an indicator of a possible spin bearing failure.
Z1000004	ADCO	CMG4_VIBR	g	12	sprintf	%5.4f	Control Moment Gyroscope (CMG)-4 Vibration (g)	Control Moment Gyroscope (CMG)-4 Vibration (g). CMG-4 vibration sensor output. Measures vibration of the Inner Gimbal (IG). Used as an indicator of a possible spin bearing failure.
Z1000005	ADCO	CMG1_SM_I	amperes	12	sprintf	%5.4f	Control Moment Gyroscope (CMG)-1 Spin Motor Current (amps)	Control Moment Gyroscope (CMG)-1 Spin Motor Current (amps). Commanded current of the CMG-1 Spin Motor, used to control the wheel speed.
Z1000006	ADCO	CMG2_SM_I	amperes	12	sprintf	%5.4f	Control Moment Gyroscope (CMG)-2 Spin Motor Current (amps)	Control Moment Gyroscope (CMG)-2 Spin Motor Current (amps). Commanded current of the CMG-2 Spin Motor, used to control the wheel speed.
Z1000007	ADCO	CMG3_SM_I	amperes	12	sprintf	%5.4f	Control Moment Gyroscope (CMG)-3 Spin Motor Current (amps)	Control Moment Gyroscope (CMG)-3 Spin Motor Current (amps). Commanded current of the CMG-3 Spin Motor, used to control the wheel speed.
Z1000008	ADCO	CMG4_SM_I	amperes	12	sprintf	%5.4f	Control Moment Gyroscope (CMG)-4 Spin Motor Current (amps)	Control Moment Gyroscope (CMG)-4 Spin Motor Current (amps). Commanded current of the CMG-4 Spin Motor, used to control the wheel speed.
Z1000009	ADCO	CMG1_SP	rpm	12	sprintf	%5.4f	Control Moment Gyroscope (CMG) 1 Wheel Speed (rpm)	Control Moment Gyroscope (CMG) 1 Wheel Speed (rpm). Rotational speed of the CMG-1 flywheel.
Z1000010	ADCO	CMG2_SP	rpm	12	sprintf	%5.4f	Control Moment Gyroscope (CMG) 2 Wheel Speed (rpm)	Control Moment Gyroscope (CMG) 2 Wheel Speed (rpm). Rotational speed of the CMG-2 flywheel.
Z1000011	ADCO	CMG3_SP	rpm	12	sprintf	%5.4f	Control Moment Gyroscope (CMG) 3 Wheel Speed (rpm)	Control Moment Gyroscope (CMG) 3 Wheel Speed (rpm). Rotational speed of the CMG-3 flywheel.
Z1000012	ADCO	CMG4_SP	rpm	12	sprintf	%5.4f	Control Moment Gyroscope (CMG) 4 Wheel Speed (rpm)	Control Moment Gyroscope (CMG) 4 Wheel Speed (rpm). Rotational speed of the CMG-4 flywheel.
Z1000013	CRONUS	KU_TRANS	event	64	enum	0=RESET|1=NORMAL	Ku-Band Transmit	Ku-Band Transmit
Z1000014	CRONUS	SGANT_EL	degrees	12	sprintf	%5.4f	Ku-Band SGANT Elevation Position	Ku-Band SGANT Elevation Position
Z1000015	CRONUS	SGANT_CEL	degrees	12	sprintf	%5.4f	Ku-Band SGANT Cross-Elevation Position	Ku-Band SGANT Cross-Elevation Position
NODE1000001	CRONUS	N1_MDM1	event	64	enum	0=Off|1=On|3=Failed	Node 1 Multiplexer/Demultiplexer (MDM) 1 on-off status	Node 1 Multiplexer/Demultiplexer (MDM) 1 on-off status
NODE1000002	CRONUS	N1_MDM2	event	64	enum	0=Off|1=On|3=Failed	Node 1 Multiplexer/Demultiplexer (MDM) 2 on-off status	Node 1 Multiplexer/Demultiplexer (MDM) 2 on-off status
NODE2000001	ETHOS	N2_MTL	kg	12	sprintf	%5.4f	Coolant water quantity (Node 2), MT	Coolant water quantity (Node 2), MT. N2 Moderate Temperature Loop (MTL) water level
NODE2000002	ETHOS	N2_LTL	kg	12	sprintf	%5.4f	Coolant water quantity (Node 2), LT	Coolant water quantity (Node 2), LT. N2 Low Temperature Loop (LTL) water level.
NODE2000003	ETHOS	N2_AC	event	64	enum	0=RESET|1=DRAIN|2=DRYOUT|3=EIB OFF|4=OFF|5=ON|6=STARTUP|7=TEST	Node 2 Air Conditioner State	Node 2 Air Conditioner State. Status of the Node 2 Air Conditioner/Fan.
NODE2000004	CRONUS	N2_MDM2	event	64	enum	0=Off|1=On|3=Failed	Node 2 Multiplexer/Demultiplexer (MDM) 2 on-off status	Node 2 Multiplexer/Demultiplexer (MDM) 2 on-off status
NODE2000005	CRONUS	N2_MDM1	event	64	enum	0=Off|1=On|3=Failed	Node 2 Multiplexer/Demultiplexer (MDM) 1 on-off status	Node 2 Multiplexer/Demultiplexer (MDM) 1 on-off status
NODE2000006	ETHOS	N2_AC_TEMP	celcius	12	sprintf	%5.4f	Air Cooling Fluid Temp (Node 2)	Air Cooling Fluid Temp (Node 2). Temperature of the water loop cooling the air in Node 2.
NODE2000007	ETHOS	N2_AV_TEMP	celcius	12	sprintf	%5.4f	Avionics Cooling Fluid Temp (Node 2)	Avionics Cooling Fluid Temp (Node 2). Temperature of fluid cooling avionics in Node 2.
NODE3000001	ETHOS	N3_PPO2	torr	12	sprintf	%5.4f	Node 3 ppO2	Node 3 ppO2. Oxygen level measured by Node 3 Sensors
NODE3000002	ETHOS	N3_PPN2	torr	12	sprintf	%5.4f	Node 3 ppN2	Node 3 ppN2. Nitrogen level measured by Node 3 Sensors.
NODE3000003	ETHOS	N3_PPCO2	torr	12	sprintf	%5.4f	Node 3 ppCO2	Node 3 ppCO2. Carbon dioxide level measured by Node 3 Sensors.
NODE3000004	ETHOS	N3_URN_PROC	event	64	enum	2=STOP|4=SHUTDOWN|8=MAINTENANCE|16=NORMAL|32=STANDBY|64=IDLE|128=SYSTEM INITIALIZED	Urine Processor State	Urine Processor State. Status of the Urine Processor.
NODE3000005	ETHOS	N3_URN_TANK	kg	12	sprintf	%5.4f	Urine Tank Qty	Urine Tank Qty. Amount of urine available to be processed.
NODE3000006	ETHOS	N3_H2O_PROC	event	64	enum	1=STOP|2=SHUTDOWN|3=STANDBY|4=PROCESS|5=HOT SERVICE|6=FLUSH|7=WARM SHUTDOWN	Water Processor State	Water Processor State. Status of the Water Processor.
NODE3000007	ETHOS	N3_H2O_STEP	event	64	enum	0=NONE|1=VENT|2=HEATUP|3=PURGE|4=FLOW|5=TEST|6=TEST_SV_1|7=TEST_SV_2|8=SERVICE	Water Processor Step	Water Processor Step. What the Water Processor is doing at this time.
NODE3000008	ETHOS	N3_WASTE	kg	12	sprintf	%5.4f	Waste Water Tank Qty	Waste Water Tank Qty. Amount of waste water waiting to be processed.
NODE3000009	ETHOS	N3_CLEAN	kg	12	sprintf	%5.4f	Clean Water Tank Qty	Clean Water Tank Qty. Amount of potable water available.
NODE3000010	ETHOS	N3_O2_GEN	event	64	enum	1=PROCESS|2=STANDBY|3=SHUTDOWN|4=STOP|5=VENT_DOME|6=INERT_DOME|7=FAST_SHUTDOWN|8=N2_PURGE_SHUTDOWN	Oxygen Generator State	Oxygen Generator State. Status of the Oxygen Generator.
NODE3000011	ETHOS	N3_O2_PROD	event	64	enum	327.67	O2 Production rate	O2 Production rate. Amount of oxygen being produced if the Oxygen Generator status is
NODE3000012	ETHOS	N3_AV_TEMP	celcius	12	sprintf	%5.4f	Avionics Cooling Fluid Temp (Node 3)	Avionics Cooling Fluid Temp (Node 3). Temperature of fluid cooling avionics in the Lab.
NODE3000013	ETHOS	N3_AC_TEMP	celcius	12	sprintf	%5.4f	Air Cooling Fluid Temp (Node 3)	Air Cooling Fluid Temp (Node 3). Temperature of the water loop cooling the air in Node 3.
NODE3000014	CRONUS	HCZ_MDM2	event	64	enum	0=Off|1=On|3=Failed	Hub Control Zone (HCZ) Multiplexer/Demultiplexer 2 (MDM) on-off status	Hub Control Zone (HCZ) Multiplexer/Demultiplexer 2 (MDM) on-off status
NODE3000015	CRONUS	N3_MDM2	event	64	enum	0=Off|1=On|3=Failed	Node 3 Multiplexer/Demultiplexer (MDM) 2 on-off status	Node 3 Multiplexer/Demultiplexer (MDM) 2 on-off status
NODE3000016	CRONUS	HCZ_MDM1	event	64	enum	0=Off|1=On|3=Failed	Hub Control Zone (HCZ) Multiplexer/Demultiplexer 1 (MDM) on-off status	Hub Control Zone (HCZ) Multiplexer/Demultiplexer 1 (MDM) on-off status
NODE3000017	ETHOS	N3_MTL	kg	12	sprintf	%5.4f	Coolant water quantity (Node 3)	Coolant water quantity (Node 3). N3 Moderate Temperature Loop (MTL) water level
NODE3000018	ETHOS	N3_AC	event	64	enum	0=RESET|1=DRAIN|2=DRYOUT|3=EIB OFF|4=OFF|5=ON|6=STARTUP|7=TEST	Node 3 Air Conditioner State	Node 3 Air Conditioner State. Status of the Node 3 Air Conditioner/Fan.
NODE3000019	ETHOS	N3_LTL	kg	12	sprintf	%5.4f	Coolant water quantity (Node 3)	Coolant water quantity (Node 3). N3 Low Temperature Loop (LTL) water level.
NODE3000020	CRONUS	N3_MDM1	event	64	enum	0=Off|1=On|3=Failed	Node 3 Multiplexer/Demultiplexer (MDM) 1 on-off status	Node 3 Multiplexer/Demultiplexer (MDM) 1 on-off status
AIRLOCK000001	EVA	ARL_UIA1_V	volts	12	sprintf	%5.4f	Supplies power through the Umbilical Interface Assembly (UIA) to the spacesuits (EMU 1), Voltage	Supplies power through the Umbilical Interface Assembly (UIA) to the spacesuits (EMU s) and the In-flight Refill Unit (IRU).
AIRLOCK000002	EVA	ARL_UIA1_I	amperes	12	sprintf	%5.4f	Supplies power through the Umbilical Interface Assembly (UIA) to the spacesuits (EMU 1), Current	Supplies power through the Umbilical Interface Assembly (UIA) to the spacesuits (EMU s) and the In-flight Refill Unit (IRU).
AIRLOCK000003	EVA	ARL_UIA2_V	volts	12	sprintf	%5.4f	Supplies power through the Umbilical Interface Assembly (UIA) to the spacesuits (EMU 2), Voltage	Supplies power through the Umbilical Interface Assembly (UIA) to the spacesuits (EMU s) and the In-flight Refill Unit (IRU).
AIRLOCK000004	EVA	ARL_UIA2_I	amperes	12	sprintf	%5.4f	Supplies power through the Umbilical Interface Assembly (UIA) to the spacesuits (EMU 2), Current	Supplies power through the Umbilical Interface Assembly (UIA) to the spacesuits (EMU s) and the In-flight Refill Unit (IRU).
AIRLOCK000005	EVA	ARL_IRU_V	volts	12	sprintf	%5.4f	In-flight Refill Unit (IRU), Voltage	Supplies power through the Umbilical Interface Assembly (UIA) to the spacesuits (EMU s) and the In-flight Refill Unit (IRU).
AIRLOCK000006	EVA	ARL_IRU_I	amperes	12	sprintf	%5.4f	In-flight Refill Unit (IRU), Current	Supplies power through the Umbilical Interface Assembly (UIA) to the spacesuits (EMU s) and the In-flight Refill Unit (IRU).
AIRLOCK000007	EVA	ARL_EMU1_V	volts	12	sprintf	%5.4f	Supplies power to the spacesuits (EVA Mobility Unit, EMU 1), Voltage	Supplies power to the spacesuits (EVA Mobility Unit = EMU s).
AIRLOCK000008	EVA	ARL_EMU1_I	amperes	12	sprintf	%5.4f	Supplies power to the spacesuits (EVA Mobility Unit, EMU 1), Current	Supplies power to the spacesuits (EVA Mobility Unit = EMU s).
AIRLOCK000009	EVA	ARL_EMU2_V	volts	12	sprintf	%5.4f	Supplies power to the spacesuits (EVA Mobility Unit, EMU 2), Voltage	Supplies power to the spacesuits (EVA Mobility Unit = EMU s).
AIRLOCK000010	EVA	ARL_EMU2_I	amperes	12	sprintf	%5.4f	Supplies power to the spacesuits (EVA Mobility Unit, EMU 2), Current	Supplies power to the spacesuits (EVA Mobility Unit = EMU s).
AIRLOCK000011	EVA	ARL_BCA1_V	volts	12	sprintf	%5.4f	Battery Charger Assembly (BCA) 1 Voltage	Battery Charger Assembly (BCA) 1 Voltage
AIRLOCK000012	EVA	ARL_BCA1_I	amperes	12	sprintf	%5.4f	Battery Charger Assembly (BCA) 1 Current	Battery Charger Assembly (BCA) 1 Current
AIRLOCK000013	EVA	ARL_BCA2_V	volts	12	sprintf	%5.4f	Battery Charger Assembly (BCA) 2 Voltage	Battery Charger Assembly (BCA) 2 Voltage
AIRLOCK000014	EVA	ARL_BCA2_I	amperes	12	sprintf	%5.4f	Battery Charger Assembly (BCA) 2 Current	Battery Charger Assembly (BCA) 2 Current
AIRLOCK000015	EVA	ARL_BCA3_V	volts	12	sprintf	%5.4f	Battery Charger Assembly (BCA) 3 Voltage	Battery Charger Assembly (BCA) 3 Voltage
AIRLOCK000016	EVA	ARL_BCA3_I	amperes	12	sprintf	%5.4f	Battery Charger Assembly (BCA) 3 Current	Battery Charger Assembly (BCA) 3 Current
AIRLOCK000017	EVA	ARL_BCA4_V	volts	12	sprintf	%5.4f	Battery Charger Assembly (BCA) 4 Voltage	Battery Charger Assembly (BCA) 4 Voltage
AIRLOCK000018	EVA	ARL_BCA4_I	amperes	12	sprintf	%5.4f	Battery Charger Assembly (BCA) 4 Current	Battery Charger Assembly (BCA) 4 Current
AIRLOCK000019	EVA	ARL_BCA1	event	64	enum	0=Normal|1=No Data|2=Missing  Data|3=Extra Data	Battery Charger Assembly (BCA) 1 Status	Battery Charger Assembly (BCA) 1 Status
AIRLOCK000020	EVA	ARL_BCA2	event	64	enum	0=Normal|1=No Data|2=Missing  Data|3=Extra Data	Battery Charger Assembly (BCA) 2 Status	Battery Charger Assembly (BCA) 2 Status
AIRLOCK000021	EVA	ARL_BCA3	event	64	enum	0=Normal|1=No Data|2=Missing  Data|3=Extra Data	Battery Charger Assembly (BCA) 3 Status	Battery Charger Assembly (BCA) 3 Status
AIRLOCK000022	EVA	ARL_BCA4	event	64	enum	0=Normal|1=No Data|2=Missing  Data|3=Extra Data	Battery Charger Assembly (BCA) 4 Status	Battery Charger Assembly (BCA) 4 Status
AIRLOCK000023	EVA	ARL_BCA1_CH1	event	64	enum	0=No History - a charge has not been initiated yet|1=Presently charging|2=Task completed normally|3=Task terminated due to stop switch being toggled|4=Task terminated due to an open circuit error|5=Task terminated due to Wrong Batt or Hi-imp|6=Task terminated due to an over-temperature error|7=Amp-hour capacity test result OK|8=Amp-hour capacity test error|9=Task terminated due to low charge slope error|10=Task terminated due to power error|11=Task terminated due to reverse-polarity error|12=Task terminated due to a short-circuit error|13=Task terminated due to a time-out error|14=Task terminated due to an external-temperature error|15=Discharge|16=Wait on Discharge|17=Wait on Charge	Battery Charger Assembly (BCA) 1 Channel 1 Status	Battery Charger Assembly (BCA) 1 Channel 1 Status
AIRLOCK000024	EVA	ARL_BCA1_CH2	event	64	enum	0=No History - a charge has not been initiated yet|1=Presently charging|2=Task completed normally|3=Task terminated due to stop switch being toggled|4=Task terminated due to an open circuit error|5=Task terminated due to Wrong Batt or Hi-imp|6=Task terminated due to an over-temperature error|7=Amp-hour capacity test result OK|8=Amp-hour capacity test error|9=Task terminated due to low charge slope error|10=Task terminated due to power error|11=Task terminated due to reverse-polarity error|12=Task terminated due to a short-circuit error|13=Task terminated due to a time-out error|14=Task terminated due to an external-temperature error|15=Discharge|16=Wait on Discharge|17=Wait on Charge	Battery Charger Assembly (BCA) 1 Channel 2 Status	Battery Charger Assembly (BCA) 1 Channel 2 Status
AIRLOCK000025	EVA	ARL_BCA1_CH3	event	64	enum	0=No History - a charge has not been initiated yet|1=Presently charging|2=Task completed normally|3=Task terminated due to stop switch being toggled|4=Task terminated due to an open circuit error|5=Task terminated due to Wrong Batt or Hi-imp|6=Task terminated due to an over-temperature error|7=Amp-hour capacity test result OK|8=Amp-hour capacity test error|9=Task terminated due to low charge slope error|10=Task terminated due to power error|11=Task terminated due to reverse-polarity error|12=Task terminated due to a short-circuit error|13=Task terminated due to a time-out error|14=Task terminated due to an external-temperature error|15=Discharge|16=Wait on Discharge|17=Wait on Charge	Battery Charger Assembly (BCA) 1 Channel 3 Status	Battery Charger Assembly (BCA) 1 Channel 3 Status
AIRLOCK000026	EVA	ARL_BCA1_CH4	event	64	enum	0=No History - a charge has not been initiated yet|1=Presently charging|2=Task completed normally|3=Task terminated due to stop switch being toggled|4=Task terminated due to an open circuit error|5=Task terminated due to Wrong Batt or Hi-imp|6=Task terminated due to an over-temperature error|7=Amp-hour capacity test result OK|8=Amp-hour capacity test error|9=Task terminated due to low charge slope error|10=Task terminated due to power error|11=Task terminated due to reverse-polarity error|12=Task terminated due to a short-circuit error|13=Task terminated due to a time-out error|14=Task terminated due to an external-temperature error|15=Discharge|16=Wait on Discharge|17=Wait on Charge	Battery Charger Assembly (BCA) 1 Channel 4 Status	Battery Charger Assembly (BCA) 1 Channel 4 Status
AIRLOCK000027	EVA	ARL_BCA1_CH5	event	64	enum	0=No History - a charge has not been initiated yet|1=Presently charging|2=Task completed normally|3=Task terminated due to stop switch being toggled|4=Task terminated due to an open circuit error|5=Task terminated due to Wrong Batt or Hi-imp|6=Task terminated due to an over-temperature error|7=Amp-hour capacity test result OK|8=Amp-hour capacity test error|9=Task terminated due to low charge slope error|10=Task terminated due to power error|11=Task terminated due to reverse-polarity error|12=Task terminated due to a short-circuit error|13=Task terminated due to a time-out error|14=Task terminated due to an external-temperature error|15=Discharge|16=Wait on Discharge|17=Wait on Charge	Battery Charger Assembly (BCA) 1 Channel 5 Status	Battery Charger Assembly (BCA) 1 Channel 5 Status
AIRLOCK000028	EVA	ARL_BCA1_CH6	event	64	enum	0=No History - a charge has not been initiated yet|1=Presently charging|2=Task completed normally|3=Task terminated due to stop switch being toggled|4=Task terminated due to an open circuit error|5=Task terminated due to Wrong Batt or Hi-imp|6=Task terminated due to an over-temperature error|7=Amp-hour capacity test result OK|8=Amp-hour capacity test error|9=Task terminated due to low charge slope error|10=Task terminated due to power error|11=Task terminated due to reverse-polarity error|12=Task terminated due to a short-circuit error|13=Task terminated due to a time-out error|14=Task terminated due to an external-temperature error|15=Discharge|16=Wait on Discharge|17=Wait on Charge	Battery Charger Assembly (BCA) 1 Channel 6 Status	Battery Charger Assembly (BCA) 1 Channel 6 Status
AIRLOCK000029	EVA	ARL_BCA2_CH1	event	64	enum	0=No History - a charge has not been initiated yet|1=Presently charging|2=Task completed normally|3=Task terminated due to stop switch being toggled|4=Task terminated due to an open circuit error|5=Task terminated due to Wrong Batt or Hi-imp|6=Task terminated due to an over-temperature error|7=Amp-hour capacity test result OK|8=Amp-hour capacity test error|9=Task terminated due to low charge slope error|10=Task terminated due to power error|11=Task terminated due to reverse-polarity error|12=Task terminated due to a short-circuit error|13=Task terminated due to a time-out error|14=Task terminated due to an external-temperature error|15=Discharge|16=Wait on Discharge|17=Wait on Charge	Battery Charger Assembly (BCA) 2 Channel 1 Status	Battery Charger Assembly (BCA) 2 Channel 1 Status
AIRLOCK000030	EVA	ARL_BCA2_CH2	event	64	enum	0=No History - a charge has not been initiated yet|1=Presently charging|2=Task completed normally|3=Task terminated due to stop switch being toggled|4=Task terminated due to an open circuit error|5=Task terminated due to Wrong Batt or Hi-imp|6=Task terminated due to an over-temperature error|7=Amp-hour capacity test result OK|8=Amp-hour capacity test error|9=Task terminated due to low charge slope error|10=Task terminated due to power error|11=Task terminated due to reverse-polarity error|12=Task terminated due to a short-circuit error|13=Task terminated due to a time-out error|14=Task terminated due to an external-temperature error|15=Discharge|16=Wait on Discharge|17=Wait on Charge	Battery Charger Assembly (BCA) 2 Channel 2 Status	Battery Charger Assembly (BCA) 2 Channel 2 Status
AIRLOCK000031	EVA	ARL_BCA2_CH3	event	64	enum	0=No History - a charge has not been initiated yet|1=Presently charging|2=Task completed normally|3=Task terminated due to stop switch being toggled|4=Task terminated due to an open circuit error|5=Task terminated due to Wrong Batt or Hi-imp|6=Task terminated due to an over-temperature error|7=Amp-hour capacity test result OK|8=Amp-hour capacity test error|9=Task terminated due to low charge slope error|10=Task terminated due to power error|11=Task terminated due to reverse-polarity error|12=Task terminated due to a short-circuit error|13=Task terminated due to a time-out error|14=Task terminated due to an external-temperature error|15=Discharge|16=Wait on Discharge|17=Wait on Charge	Battery Charger Assembly (BCA) 2 Channel 3 Status	Battery Charger Assembly (BCA) 2 Channel 3 Status
AIRLOCK000032	EVA	ARL_BCA2_CH4	event	64	enum	0=No History - a charge has not been initiated yet|1=Presently charging|2=Task completed normally|3=Task terminated due to stop switch being toggled|4=Task terminated due to an open circuit error|5=Task terminated due to Wrong Batt or Hi-imp|6=Task terminated due to an over-temperature error|7=Amp-hour capacity test result OK|8=Amp-hour capacity test error|9=Task terminated due to low charge slope error|10=Task terminated due to power error|11=Task terminated due to reverse-polarity error|12=Task terminated due to a short-circuit error|13=Task terminated due to a time-out error|14=Task terminated due to an external-temperature error|15=Discharge|16=Wait on Discharge|17=Wait on Charge	Battery Charger Assembly (BCA) 2 Channel 4 Status	Battery Charger Assembly (BCA) 2 Channel 4 Status
AIRLOCK000033	EVA	ARL_BCA2_CH5	event	64	enum	0=No History - a charge has not been initiated yet|1=Presently charging|2=Task completed normally|3=Task terminated due to stop switch being toggled|4=Task terminated due to an open circuit error|5=Task terminated due to Wrong Batt or Hi-imp|6=Task terminated due to an over-temperature error|7=Amp-hour capacity test result OK|8=Amp-hour capacity test error|9=Task terminated due to low charge slope error|10=Task terminated due to power error|11=Task terminated due to reverse-polarity error|12=Task terminated due to a short-circuit error|13=Task terminated due to a time-out error|14=Task terminated due to an external-temperature error|15=Discharge|16=Wait on Discharge|17=Wait on Charge	Battery Charger Assembly (BCA) 2 Channel 5 Status	Battery Charger Assembly (BCA) 2 Channel 5 Status
AIRLOCK000034	EVA	ARL_BCA2_CH6	event	64	enum	0=No History - a charge has not been initiated yet|1=Presently charging|2=Task completed normally|3=Task terminated due to stop switch being toggled|4=Task terminated due to an open circuit error|5=Task terminated due to Wrong Batt or Hi-imp|6=Task terminated due to an over-temperature error|7=Amp-hour capacity test result OK|8=Amp-hour capacity test error|9=Task terminated due to low charge slope error|10=Task terminated due to power error|11=Task terminated due to reverse-polarity error|12=Task terminated due to a short-circuit error|13=Task terminated due to a time-out error|14=Task terminated due to an external-temperature error|15=Discharge|16=Wait on Discharge|17=Wait on Charge	Battery Charger Assembly (BCA) 2 Channel 6 Status	Battery Charger Assembly (BCA) 2 Channel 6 Status
AIRLOCK000035	EVA	ARL_BCA3_CH1	event	64	enum	0=No History - a charge has not been initiated yet|1=Presently charging|2=Task completed normally|3=Task terminated due to stop switch being toggled|4=Task terminated due to an open circuit error|5=Task terminated due to Wrong Batt or Hi-imp|6=Task terminated due to an over-temperature error|7=Amp-hour capacity test result OK|8=Amp-hour capacity test error|9=Task terminated due to low charge slope error|10=Task terminated due to power error|11=Task terminated due to reverse-polarity error|12=Task terminated due to a short-circuit error|13=Task terminated due to a time-out error|14=Task terminated due to an external-temperature error|15=Discharge|16=Wait on Discharge|17=Wait on Charge	Battery Charger Assembly (BCA) 3 Channel 1 Status	Battery Charger Assembly (BCA) 3 Channel 1 Status
AIRLOCK000036	EVA	ARL_BCA3_CH2	event	64	enum	0=No History - a charge has not been initiated yet|1=Presently charging|2=Task completed normally|3=Task terminated due to stop switch being toggled|4=Task terminated due to an open circuit error|5=Task terminated due to Wrong Batt or Hi-imp|6=Task terminated due to an over-temperature error|7=Amp-hour capacity test result OK|8=Amp-hour capacity test error|9=Task terminated due to low charge slope error|10=Task terminated due to power error|11=Task terminated due to reverse-polarity error|12=Task terminated due to a short-circuit error|13=Task terminated due to a time-out error|14=Task terminated due to an external-temperature error|15=Discharge|16=Wait on Discharge|17=Wait on Charge	Battery Charger Assembly (BCA) 3 Channel 2 Status	Battery Charger Assembly (BCA) 3 Channel 2 Status
AIRLOCK000037	EVA	ARL_BCA3_CH3	event	64	enum	0=No History - a charge has not been initiated yet|1=Presently charging|2=Task completed normally|3=Task terminated due to stop switch being toggled|4=Task terminated due to an open circuit error|5=Task terminated due to Wrong Batt or Hi-imp|6=Task terminated due to an over-temperature error|7=Amp-hour capacity test result OK|8=Amp-hour capacity test error|9=Task terminated due to low charge slope error|10=Task terminated due to power error|11=Task terminated due to reverse-polarity error|12=Task terminated due to a short-circuit error|13=Task terminated due to a time-out error|14=Task terminated due to an external-temperature error|15=Discharge|16=Wait on Discharge|17=Wait on Charge	Battery Charger Assembly (BCA) 3 Channel 3 Status	Battery Charger Assembly (BCA) 3 Channel 3 Status
AIRLOCK000038	EVA	ARL_BCA3_CH4	event	64	enum	0=No History - a charge has not been initiated yet|1=Presently charging|2=Task completed normally|3=Task terminated due to stop switch being toggled|4=Task terminated due to an open circuit error|5=Task terminated due to Wrong Batt or Hi-imp|6=Task terminated due to an over-temperature error|7=Amp-hour capacity test result OK|8=Amp-hour capacity test error|9=Task terminated due to low charge slope error|10=Task terminated due to power error|11=Task terminated due to reverse-polarity error|12=Task terminated due to a short-circuit error|13=Task terminated due to a time-out error|14=Task terminated due to an external-temperature error|15=Discharge|16=Wait on Discharge|17=Wait on Charge	Battery Charger Assembly (BCA) 3 Channel 4 Status	Battery Charger Assembly (BCA) 3 Channel 4 Status
AIRLOCK000039	EVA	ARL_BCA3_CH5	event	64	enum	0=No History - a charge has not been initiated yet|1=Presently charging|2=Task completed normally|3=Task terminated due to stop switch being toggled|4=Task terminated due to an open circuit error|5=Task terminated due to Wrong Batt or Hi-imp|6=Task terminated due to an over-temperature error|7=Amp-hour capacity test result OK|8=Amp-hour capacity test error|9=Task terminated due to low charge slope error|10=Task terminated due to power error|11=Task terminated due to reverse-polarity error|12=Task terminated due to a short-circuit error|13=Task terminated due to a time-out error|14=Task terminated due to an external-temperature error|15=Discharge|16=Wait on Discharge|17=Wait on Charge	Battery Charger Assembly (BCA) 3 Channel 5 Status	Battery Charger Assembly (BCA) 3 Channel 5 Status
AIRLOCK000040	EVA	ARL_BCA3_CH6	event	64	enum	0=No History - a charge has not been initiated yet|1=Presently charging|2=Task completed normally|3=Task terminated due to stop switch being toggled|4=Task terminated due to an open circuit error|5=Task terminated due to Wrong Batt or Hi-imp|6=Task terminated due to an over-temperature error|7=Amp-hour capacity test result OK|8=Amp-hour capacity test error|9=Task terminated due to low charge slope error|10=Task terminated due to power error|11=Task terminated due to reverse-polarity error|12=Task terminated due to a short-circuit error|13=Task terminated due to a time-out error|14=Task terminated due to an external-temperature error|15=Discharge|16=Wait on Discharge|17=Wait on Charge	Battery Charger Assembly (BCA) 3 Channel 6 Status	Battery Charger Assembly (BCA) 3 Channel 6 Status
AIRLOCK000041	EVA	ARL_BCA4_CH1	event	64	enum	0=No History - a charge has not been initiated yet|1=Presently charging|2=Task completed normally|3=Task terminated due to stop switch being toggled|4=Task terminated due to an open circuit error|5=Task terminated due to Wrong Batt or Hi-imp|6=Task terminated due to an over-temperature error|7=Amp-hour capacity test result OK|8=Amp-hour capacity test error|9=Task terminated due to low charge slope error|10=Task terminated due to power error|11=Task terminated due to reverse-polarity error|12=Task terminated due to a short-circuit error|13=Task terminated due to a time-out error|14=Task terminated due to an external-temperature error|15=Discharge|16=Wait on Discharge|17=Wait on Charge	Battery Charger Assembly (BCA) 4 Channel 1 Status	Battery Charger Assembly (BCA) 4 Channel 1 Status
AIRLOCK000042	EVA	ARL_BCA4_CH2	event	64	enum	0=No History - a charge has not been initiated yet|1=Presently charging|2=Task completed normally|3=Task terminated due to stop switch being toggled|4=Task terminated due to an open circuit error|5=Task terminated due to Wrong Batt or Hi-imp|6=Task terminated due to an over-temperature error|7=Amp-hour capacity test result OK|8=Amp-hour capacity test error|9=Task terminated due to low charge slope error|10=Task terminated due to power error|11=Task terminated due to reverse-polarity error|12=Task terminated due to a short-circuit error|13=Task terminated due to a time-out error|14=Task terminated due to an external-temperature error|15=Discharge|16=Wait on Discharge|17=Wait on Charge	Battery Charger Assembly (BCA) 4 Channel 2 Status	Battery Charger Assembly (BCA) 4 Channel 2 Status
AIRLOCK000043	EVA	ARL_BCA4_CH3	event	64	enum	0=No History - a charge has not been initiated yet|1=Presently charging|2=Task completed normally|3=Task terminated due to stop switch being toggled|4=Task terminated due to an open circuit error|5=Task terminated due to Wrong Batt or Hi-imp|6=Task terminated due to an over-temperature error|7=Amp-hour capacity test result OK|8=Amp-hour capacity test error|9=Task terminated due to low charge slope error|10=Task terminated due to power error|11=Task terminated due to reverse-polarity error|12=Task terminated due to a short-circuit error|13=Task terminated due to a time-out error|14=Task terminated due to an external-temperature error|15=Discharge|16=Wait on Discharge|17=Wait on Charge	Battery Charger Assembly (BCA) 4 Channel 3 Status	Battery Charger Assembly (BCA) 4 Channel 3 Status
AIRLOCK000044	EVA	ARL_BCA4_CH4	event	64	enum	0=No History - a charge has not been initiated yet|1=Presently charging|2=Task completed normally|3=Task terminated due to stop switch being toggled|4=Task terminated due to an open circuit error|5=Task terminated due to Wrong Batt or Hi-imp|6=Task terminated due to an over-temperature error|7=Amp-hour capacity test result OK|8=Amp-hour capacity test error|9=Task terminated due to low charge slope error|10=Task terminated due to power error|11=Task terminated due to reverse-polarity error|12=Task terminated due to a short-circuit error|13=Task terminated due to a time-out error|14=Task terminated due to an external-temperature error|15=Discharge|16=Wait on Discharge|17=Wait on Charge	Battery Charger Assembly (BCA) 4 Channel 4 Status	Battery Charger Assembly (BCA) 4 Channel 4 Status
AIRLOCK000045	EVA	ARL_BCA4_CH5	event	64	enum	0=No History - a charge has not been initiated yet|1=Presently charging|2=Task completed normally|3=Task terminated due to stop switch being toggled|4=Task terminated due to an open circuit error|5=Task terminated due to Wrong Batt or Hi-imp|6=Task terminated due to an over-temperature error|7=Amp-hour capacity test result OK|8=Amp-hour capacity test error|9=Task terminated due to low charge slope error|10=Task terminated due to power error|11=Task terminated due to reverse-polarity error|12=Task terminated due to a short-circuit error|13=Task terminated due to a time-out error|14=Task terminated due to an external-temperature error|15=Discharge|16=Wait on Discharge|17=Wait on Charge	Battery Charger Assembly (BCA) 4 Channel 5 Status	Battery Charger Assembly (BCA) 4 Channel 5 Status
AIRLOCK000046	EVA	ARL_BCA4_CH6	event	64	enum	0=No History - a charge has not been initiated yet|1=Presently charging|2=Task completed normally|3=Task terminated due to stop switch being toggled|4=Task terminated due to an open circuit error|5=Task terminated due to Wrong Batt or Hi-imp|6=Task terminated due to an over-temperature error|7=Amp-hour capacity test result OK|8=Amp-hour capacity test error|9=Task terminated due to low charge slope error|10=Task terminated due to power error|11=Task terminated due to reverse-polarity error|12=Task terminated due to a short-circuit error|13=Task terminated due to a time-out error|14=Task terminated due to an external-temperature error|15=Discharge|16=Wait on Discharge|17=Wait on Charge	Battery Charger Assembly (BCA) 4 Channel 6 Status	Battery Charger Assembly (BCA) 4 Channel 6 Status
AIRLOCK000047	EVA	ARL_PUMP_V	event	64	enum	0=Off|1=On|3=Failed	Pumps atmosphere from Airlock into Node one during depress, voltage status.	Pumps atmosphere from Airlock into Node one during depress, voltage status.
AIRLOCK000048	EVA	ARL_PUMP_SW	event	64	enum	0=PUMP OFF CMD|1=PUMP ON CMD	Pumps atmosphere from Airlock into Node one during depress, switch status.	Pumps atmosphere from Airlock into Node one during depress, switch status.
TIME_000001	NA	GMT	minutes	12	sprintf	%mT	Greenwich Mean Time (GMT)	Greenwich Mean Time (GMT)
TIME_000002	NA	YEAR	years	12	sprintf	%4.0f	Year	Year
AIRLOCK000049	ETHOS	ARL_PRES_CREW	torr	12	sprintf	%5.4f	Crewlock Pressure	Crewlock Pressure. Cabin pressure in the airlock.
AIRLOCK000050	ETHOS	ARL_HIPO2	event	64	enum	0=CLOSED|1=OPEN|2=IN-TRANSIT|3=FAILED	Hi P O2 Supply valve position	Hi P O2 Supply valve position. Position of the valve controlling the ISS oxygen supply for EVA.
AIRLOCK000051	ETHOS	ARL_LOPO2	event	64	enum	0=CLOSED|1=OPEN|2=IN-TRANSIT|3=FAILED	Lo P O2 Supply Valve position	Lo P O2 Supply Valve position. Position of the valve controlling the ISS oxygen supply.
AIRLOCK000052	ETHOS	ARL_N2	event	64	enum	0=CLOSED|1=OPEN|2=IN-TRANSIT|3=FAILED	N2 Supply Valve position	N2 Supply Valve position. Position of the valve controlling the ISS nitrogen supply.
AIRLOCK000053	ETHOS	ARL_AC	event	64	enum	0=RESET|1=DRAIN|2=DRYOUT|3=EIB OFF|4=OFF|5=ON|6=STARTUP|7=TEST	Airlock Air Conditioner State	Airlock Air Conditioner State. Status of the Airlock Air Conditioner/Fan.
AIRLOCK000054	ETHOS	ARL_PRES_EQUIP	torr	12	sprintf	%5.4f	Airlock Pressure	Airlock Pressure. Cabin pressure in the equipment lock.
AIRLOCK000055	ETHOS	ARL_HIPO2_PRES	torr	12	sprintf	%5.4f	Airlock Hi P O2 Tank Pressure	Airlock Hi P O2 Tank Pressure. Pressure in the oxygen tank used to support EVA.
AIRLOCK000056	ETHOS	ARL_LOPO2_PRES	torr	12	sprintf	%5.4f	Airlock Lo P O2 Tank Pressure	Airlock Lo P O2 Tank Pressure. Pressure in the oxygen tanks.
AIRLOCK000057	ETHOS	ARL_N2_PRES	torr	12	sprintf	%5.4f	Airlock N2 Tank Pressure	Airlock N2 Tank Pressure. Pressure in the reserve nitrogen tanks.
AIRLOCK000058	CRONUS	ARL_MDM	event	64	enum	0=Off|1=On|3=Failed	Airlock Multiplexer/Demultiplexer (MDM) on-off status	Airlock Multiplexer/Demultiplexer (MDM) on-off status
USLAB000001	ADCO	CMG1	event	64	enum	0=NOT IN USE|1=IN USE	Control Moment Gyroscope (CMG)-1 On-Line	Control Moment Gyroscope (CMG)-1 On-Line. Status flag indicating that CMG-1 is in active use for attitude control by the GNC software when the U.S. segment is in active control of the ISS.
USLAB000002	ADCO	CMG2	event	64	enum	0=NOT IN USE|1=IN USE	Control Moment Gyroscope (CMG)-2 On-Line	Control Moment Gyroscope (CMG)-2 On-Line. Status flag indicating that CMG-2 is in active use for attitude control by the GNC software when the U.S. segment is in active control of the ISS.
USLAB000003	ADCO	CMG3	event	64	enum	0=NOT IN USE|1=IN USE	Control Moment Gyroscope (CMG)-3 On-Line	Control Moment Gyroscope (CMG)-3 On-Line. Status flag indicating that CMG-3 is in active use for attitude control by the GNC software when the U.S. segment is in active control of the ISS.
USLAB000004	ADCO	CMG4	event	64	enum	0=NOT IN USE|1=IN USE	Control Moment Gyroscope (CMG)-4 On-Line	Control Moment Gyroscope (CMG)-4 On-Line. Status flag indicating that CMG-4 is in active use for attitude control by the GNC software when the U.S. segment is in active control of the ISS.
USLAB000005	ADCO	CMG	quantity	12	sprintf	%5.4f	Number of Control Moment Gyroscope (CMG)s Online	Number of Control Moment Gyroscope (CMG)s Online. The number of Control Moment Gyros (CMGs) that are currently on-line.
USLAB000006	ADCO	CMG_CT_R	N-m	12	sprintf	%5.4f	Control Moment Gyroscope (CMG) Control Torque - Roll (N-m)	Control Moment Gyroscope (CMG) Control Torque - Roll (N-m). The commanded control torque requested by GNC software in the roll axis of the ISS.
USLAB000007	ADCO	CMG_CT_P	N-m	12	sprintf	%5.4f	Control Moment Gyroscope (CMG) Control Torque - Pitch (N-m)	Control Moment Gyroscope (CMG) Control Torque - Pitch (N-m). The commanded control torque requested by GNC software in the pitch axis of the ISS.
USLAB000008	ADCO	CMG_CT_Y	N-m	12	sprintf	%5.4f	Control Moment Gyroscope (CMG) Control Torque - Yaw (N-m)	Control Moment Gyroscope (CMG) Control Torque - Yaw (N-m). The commanded control torque requested by GNC software in the yaw axis of the ISS.
USLAB000009	ADCO	ACMG_MOM	Nms	12	sprintf	%5.4f	Active Control Moment Gyroscope (CMG) Momentum (Nms)	Active Control Moment Gyroscope (CMG) Momentum (Nms). The magnitude of the cumulative momentum vector produced by the on-line CMGs. Momentum increases as the CMGs exert a torque in a single direction over a period of time.
USLAB000010	VVO	CMG_MOM_PC	percent	12	sprintf	%5.4f	Control Moment Gyroscope (CMG) Momentum Percentage (%)	Control Moment Gyroscope (CMG) Momentum Percentage (%). Percentage of the total CMG momentum capacity currently utilized by GNC software.  This parameter provides insight to the amount of margin remaining for maintaining US attitude control.
USLAB000011	ADCO	DESAT_Q	event	64	enum	0=ENABLED|1=INHIBITED	Desaturation Request (Enabled/Inhibited)	Desaturation Request (Enabled/Inhibited). Provides status of whether desaturation thruster firings are permitted.  Desaturations help prevent the CMG system from saturation, or 100% momentum percentage, by reducing the active CMG momentum.
USLAB000012	VVO	GNC_M	event	64	enum	0=Default|1=WAIT|2=RESERVED|3=STANDBY|4=CMG ATTITUDE CONTROL|5=CMG THRUSTER ASSIST|6=USER DATA GENERATION|7=FREEDRIFT	US Guidance, Navigation and Control (GNC) Mode	US Guidance, Navigation and Control (GNC) Mode The US GNC computer control mode status that defines which functions are available.  CMG Thruster Assist (CMG TA): the CMGs are used to provide attitude control of the ISS and RS thrusters are available to provide CMG desaturation torques. Drift: used to actively minimize the effects of the CMGs on the ISS so that no torques are created. Wait: nominal mode of the backup GNC computer in which the software is running but most of the functions are on hold. User Data Generation (UDG): the GNC provides pointing data for other systems but does not provide attitude control. CMG Only: the CMGs are used to provide attitude control of the ISS but RS thrusters are unavailable to provide CMG desaturation torques. Standby: a configuration mode to prepare the GNC computer for providing pointing data and attitude control.
USLAB000013	ADCO	ATT_SRC	event	64	enum	0=NONE|1=GPS1|2=GPS2|3=Russian|4=Ku_Band	US Attitude Source	US Attitude Source. The selected source of attitude updates to the GNC software. Options are GPS 1 or GPS 2 (redundant GPS receivers which calculate attitude using several antenna), Russian (attitude calculated on the Russian Segment), or Ku-Band (attitude calculated using the Ku-Band antenna information as it tracks TDRS communications satellites).
USLAB000014	ADCO	RATE_SRC	event	64	enum	0=NONE|1=RGA1|2=RGA2|3=RUSSIAN	US Rate Source	US Rate Source. The selected source of angular rate data to the GNC software, which is used to propagate attitude between updates. Options are RGA 1 or RGA 2 (redundant rate sensors which calculate rate using ring laser gyroscopes), or Russian (angular rate data calculated on the Russian Segment).
USLAB000015	ADCO	SV_SRC	event	64	enum	0=NO_SOURCE|1=GPS1_FILTER|2=GPS2_FILTER|3=RUSSIAN|4=GPS1_DETERMINISTIC|5=GPS2_DETERMINISTIC|6=GROUND	US State Vector Source	US State Vector Source. The selected source of state vector updates to the GNC software. Options are GPS 1 or GPS 2 (redundant GPS receivers), Russian (the state vector calculated on the Russian Segment), or Ground (a state vector calculated based on ground tracking information and uplinked).
USLAB000016	ADCO	ATT_CTL	event	64	enum	0=ATTITUDE HOLD|1=MOM MGMT	Attitude Controller Type	Attitude Controller Type. Indicates the type of attitude controller utilized by the US GNC. An Attitude Hold controller is used to minimize error in the attitude of the ISS, while sacrificing momentum margin. A Momentum Management controller is used to minimize the active CMG momentum, while sacrificing attitude error.
USLAB000017	ADCO	ATT_CTL_REF	event	64	enum	0=LVLH|1=Inertial|2=XPOP	Attitude Control Reference Frame	Attitude Control Reference Frame. The reference set of axes to which the orientation of the ISS is controlled. LVLH refers to local vertical-local horizontal, similar to an airplane frame of reference with the ground below and the front facing along direction of travel. Inertial refers to the J2000 coordinate system located at the center of the earth and fixed with respect to the stars. XPOP, or X-axis Perpendicular to Orbital Plane, refers to a retired reference frame that was used during previous configurations of the ISS electrical power system.
USLAB000018	ADCO	LVLH0	quaternion	12	sprintf	%5.4f	US Current Local Vertical Local Horizontal (LVLH) Attitude Quaternion Component 0	US Current Local Vertical Local Horizontal (LVLH) Attitude Quaternion Component 0
USLAB000019	ADCO	LVLH1	quaternion	12	sprintf	%5.4f	US Current Local Vertical Local Horizontal (LVLH) Attitude Quaternion Component 1	US Current Local Vertical Local Horizontal (LVLH) Attitude Quaternion Component 1
USLAB000020	ADCO	LVLH2	quaternion	12	sprintf	%5.4f	US Current Local Vertical Local Horizontal (LVLH) Attitude Quaternion Component 2	US Current Local Vertical Local Horizontal (LVLH) Attitude Quaternion Component 2
USLAB000021	ADCO	LVLH3	quaternion	12	sprintf	%5.4f	US Current Local Vertical Local Horizontal (LVLH) Attitude Quaternion Component 3	US Current Local Vertical Local Horizontal (LVLH) Attitude Quaternion Component 3
USLAB000022	ADCO	ATT_R_E	degrees	12	sprintf	%5.4f	US Attitude Roll Error (deg)	US Attitude Roll Error (deg). The error between the current and commanded ISS orientation in the roll axis.
USLAB000023	ADCO	ATT_P_E	degrees	12	sprintf	%5.4f	US Attitude Pitch Error (deg)	US Attitude Pitch Error (deg). The error between the current and commanded ISS orientation in the pitch axis.
USLAB000024	ADCO	ATT_Y_E	degrees	12	sprintf	%5.4f	US Attitude Yaw Error (deg)	US Attitude Yaw Error (deg). The error between the current and commanded ISS orientation in the yaw axis.
USLAB000025	ADCO	ATT_RATE_X	deg/s	12	sprintf	%5.4f	US Inertial Attitude Rate X (deg/s)	US Inertial Attitude Rate X (deg/s). The angular rate of the ISS about the roll axis with respect to inertial space.
USLAB000026	ADCO	ATT_RATE_Y	deg/s	12	sprintf	%5.4f	US Inertial Attitude Rate Y (deg/s)	US Inertial Attitude Rate Y (deg/s). The angular rate of the ISS about the pitch axis with respect to inertial space.
USLAB000027	ADCO	ATT_RATE_Z	deg/s	12	sprintf	%5.4f	US Inertial Attitude Rate Z (deg/s)	US Inertial Attitude Rate Z (deg/s). The angular rate of the ISS about the yaw axis with respect to inertial space.
USLAB000028	ADCO	ATT_CMD_Q0	quaternion	12	sprintf	%5.4f	US Commanded Attitude Quaternion Component 0	US Commanded Attitude Quaternion Component 0
USLAB000029	ADCO	ATT_CMD_Q1	quaternion	12	sprintf	%5.4f	US Commanded Attitude Quaternion Component 1	US Commanded Attitude Quaternion Component 1
USLAB000030	ADCO	ATT_CMD_Q2	quaternion	12	sprintf	%5.4f	US Commanded Attitude Quaternion Component 2	US Commanded Attitude Quaternion Component 2
USLAB000031	ADCO	ATT_CMD_Q3	quaternion	12	sprintf	%5.4f	US Commanded Attitude Quaternion Component 3	US Commanded Attitude Quaternion Component 3
USLAB000032	TOPO	GNC_X	km	12	sprintf	%5.4f	US Guidance, Navigation and Control (GNC) J2000 Propagated State Vector - X (km)	US Guidance, Navigation and Control (GNC) J2000 Propagated State Vector - X (km). The X-component of the ISS position in the J2000 reference frame, a component of the state vector.
USLAB000033	TOPO	GNC_Y	km	12	sprintf	%5.4f	US Guidance, Navigation and Control (GNC) J2000 Propagated State Vector - Y (km)	US Guidance, Navigation and Control (GNC) J2000 Propagated State Vector - Y (km). The Y-component of the ISS position in the J2000 reference frame, a component of the state vector.
USLAB000034	TOPO	GNC_Z	km	12	sprintf	%5.4f	US Guidance, Navigation and Control (GNC) J2000 Propagated State Vector - Z (km)	US Guidance, Navigation and Control (GNC) J2000 Propagated State Vector - Z (km). The Z-component of the ISS position in the J2000 reference frame, a component of the state vector.
USLAB000035	TOPO	GNC_DX	m/s	12	sprintf	%5.4f	US Guidance, Navigation and Control (GNC) J2000 Propagated State Vector - X (m/s)	US Guidance, Navigation and Control (GNC) J2000 Propagated State Vector - X (m/s). The X-component of the ISS velocity in the J2000 reference frame, a component of the state vector.
USLAB000036	TOPO	GNC_DY	m/s	12	sprintf	%5.4f	US Guidance, Navigation and Control (GNC) J2000 Propagated State Vector - Y (m/s)	US Guidance, Navigation and Control (GNC) J2000 Propagated State Vector - Y (m/s). The Y-component of the ISS velocity in the J2000 reference frame, a component of the state vector.
USLAB000037	TOPO	GNC_DZ	m/s	12	sprintf	%5.4f	US Guidance, Navigation and Control (GNC) J2000 Propagated State Vector - Z (m/s)	US Guidance, Navigation and Control (GNC) J2000 Propagated State Vector - Z (m/s). The Z-component of the ISS velocity in the J2000 reference frame, a component of the state vector.
USLAB000038	ADCO	CMG_MOM_CAP	Nms	12	sprintf	%5.4f	Active Control Moment Gyroscope (CMG) Momentum Capacity (Nms)	Active Control Moment Gyroscope (CMG) Momentum Capacity (Nms)
USLAB000039	ADCO	MASS	kg	12	sprintf	%5.4f	ISS Total Mass (kg)	ISS Total Mass (kg). Total mass of the ISS.
USLAB000040	ADCO	SOL_B	degrees	12	sprintf	%5.4f	Solar Beta Angle (degrees)	Solar Beta Angle (degrees). Angle between the orbital plane and the ecliptic plane. Affects the amount of time the ISS is in eclipse each orbit.
USLAB000041	ADCO	LOAC_CMG	event	64	enum	0=FALSE|1=TRUE	Loss of CMG Attitude Control (LOAC) Caution Message In Alarm	Loss of CMG Attitude Control (LOAC) Caution Message In Alarm. Defines when the US GNC has declared the CMGs can no longer maintain attitude control.
USLAB000042	ADCO	LOAC_ISS	event	64	enum	0=FALSE|1=TRUE	Loss of ISS Attitude Control (LOAC) Caution Message In Alarm	Loss of ISS Attitude Control (LOAC) Caution Message In Alarm. Defines when the US Segment has declared a loss of ISS attitude control.
USLAB000043	ADCO	GPS1	event	64	enum	0=DOING POSITION FIXES|1=SV TIMING|2=APPROXIMATE TIMING|3=GPS TIME|4=NEED INITIALIZATION|5=GDOP NEEDED|6=BAD TIMING|7=NO USABLE SAT|8=TRACK 1 SAT|9=TRACK 2 SAT|10=TRACK 3 SAT|11=BAD INTEGRITY|12=NO VEL AVAIL|13=UNUSABLE FIX	Global Positioning System (GPS-1) Ops Status	Global Positioning System (GPS-1) Ops Status. Operational status of the software processes occurring in GPS 1.
USLAB000044	ADCO	GPS2	event	64	enum	0=DOING POSITION FIXES|1=SV TIMING|2=APPROXIMATE TIMING|3=GPS TIME|4=NEED INITIALIZATION|5=GDOP NEEDED|6=BAD TIMING|7=NO USABLE SAT|8=TRACK 1 SAT|9=TRACK 2 SAT|10=TRACK 3 SAT|11=BAD INTEGRITY|12=NO VEL AVAIL|13=UNUSABLE FIX	Global Positioning System (GPS-2) Ops Status	Global Positioning System (GPS-2) Ops Status. Operational status of the software processes occurring in GPS 2.
USLAB000045	ADCO	CMG1_SMSB_TEMP	celcius	12	sprintf	%5.4f	Spin Motor Spin Bearing Temperature - Control Moment Gyroscope (CMG) 1 (deg C)	Spin Motor Spin Bearing Temperature - Control Moment Gyroscope (CMG) 1 (deg C). Temperature measured on the motor side of the CMG 1 flywheel spin bearing.
USLAB000046	ADCO	CMG2_SMSB_TEMP	celcius	12	sprintf	%5.4f	Spin Motor Spin Bearing Temperature - Control Moment Gyroscope (CMG) 2 (deg C)	Spin Motor Spin Bearing Temperature - Control Moment Gyroscope (CMG) 2 (deg C). Temperature measured on the motor side of the CMG 2 flywheel spin bearing.
USLAB000047	ADCO	CMG3_SMSB_TEMP	celcius	12	sprintf	%5.4f	Spin Motor Spin Bearing Temperature - Control Moment Gyroscope (CMG) 3 (deg C)	Spin Motor Spin Bearing Temperature - Control Moment Gyroscope (CMG) 3 (deg C). Temperature measured on the motor side of the CMG 3 flywheel spin bearing.
USLAB000048	ADCO	CMG4_SMSB_TEMP	celcius	12	sprintf	%5.4f	Spin Motor Spin Bearing Temperature - Control Moment Gyroscope (CMG) 4 (deg C)	Spin Motor Spin Bearing Temperature - Control Moment Gyroscope (CMG) 4 (deg C). Temperature measured on the motor side of the CMG 4 flywheel spin bearing.
USLAB000049	ADCO	CMG1_HRSB_TEMP	celcius	12	sprintf	%5.4f	Hall Resolver Spin Bearing Temperature - Control Moment Gyroscope (CMG) 1 (deg C)	Hall Resolver Spin Bearing Temperature - Control Moment Gyroscope (CMG) 1 (deg C). Temperature measured on the sensor side of the CMG 1 flywheel spin bearing.
USLAB000050	ADCO	CMG2_HRSB_TEMP	celcius	12	sprintf	%5.4f	Hall Resolver Spin Bearing Temperature - Control Moment Gyroscope (CMG) 2 (deg C)	Hall Resolver Spin Bearing Temperature - Control Moment Gyroscope (CMG) 2 (deg C). Temperature measured on the sensor side of the CMG 2 flywheel spin bearing.
USLAB000051	ADCO	CMG3_HRSB_TEMP	celcius	12	sprintf	%5.4f	Hall Resolver Spin Bearing Temperature - Control Moment Gyroscope (CMG) 3 (deg C)	Hall Resolver Spin Bearing Temperature - Control Moment Gyroscope (CMG) 3 (deg C). Temperature measured on the sensor side of the CMG 3 flywheel spin bearing.
USLAB000052	ADCO	CMG4_HRSB_TEMP	celcius	12	sprintf	%5.4f	Hall Resolver Spin Bearing Temperature - Control Moment Gyroscope (CMG) 4 (deg C)	Hall Resolver Spin Bearing Temperature - Control Moment Gyroscope (CMG) 4 (deg C). Temperature measured on the sensor side of the CMG 4 flywheel spin bearing.
USLAB000053	ETHOS	LAB_PPO2	torr	12	sprintf	%5.4f	Lab ppO2	Lab ppO2. Oxygen level measured by Lab Sensors.
USLAB000054	ETHOS	LAB_PPN2	torr	12	sprintf	%5.4f	Lab ppN2	Lab ppN2. Nitrogen level measured by Lab Sensors.
USLAB000055	ETHOS	LAB_PPCO2	torr	12	sprintf	%5.4f	Lab ppCO2	Lab ppCO2. Carbon dioxide level measured by Lab Sensors.
USLAB000056	ETHOS	LAB_LTL	kg	12	sprintf	%5.4f	Coolant water quantity, LT (Lab)	Coolant water quantity, LT (Lab). Lab Low Temperature Loop (LTL) water level
USLAB000057	ETHOS	LAB_MTL	kg	12	sprintf	%5.4f	Coolant water quantity, MT (Lab)	Coolant water quantity, MT (Lab). Lab Moderate Temperature Loop (MTL) water level.
USLAB000058	ETHOS	LAB_PRES	torr	12	sprintf	%5.4f	Cabin pressure	Cabin pressure. Pressure in the US Lab.
USLAB000059	ETHOS	LAB_TEMP	celcius	12	sprintf	%5.4f	Cabin temperature	Cabin temperature. Air Temperature in the US Lab.
USLAB000060	ETHOS	LAB_AV_TEMP	celcius	12	sprintf	%5.4f	Avionics Cooling Fluid Temp (Lab)	Avionics Cooling Fluid Temp (Lab). Temperature of the water loop cooling the avionics in the Lab.
USLAB000061	ETHOS	LAB_AC_TEMP	celcius	12	sprintf	%5.4f	Air Cooling Fluid Temp (Lab)	Air Cooling Fluid Temp (Lab). Temperature of the water loop cooling the air in the Lab.
USLAB000062	ETHOS	LAB_VAC_RS	position	12	sprintf	%5.4f	Vacuum Resource System Valve Position	Vacuum Resource System Valve Position. Position of the Vacuum Resource System s overboard vent valve.
USLAB000063	ETHOS	LAB_VAC_EX	position	12	sprintf	%5.4f	Vacuum Exhaust System Valve Position	Vacuum Exhaust System Valve Position. Position of the Vacuum Exhaust System s overboard vent valve.
USLAB000064	ETHOS	LAB_AC_P	event	64	enum	0=RESET|1=DRAIN|2=DRYOUT|3=EIB OFF|4=OFF|5=ON|6=STARTUP|7=TEST	Lab Port Air Conditioner State	Lab Port Air Conditioner State. Status of the Lab s Port Air Coditioner/Fan.
USLAB000065	ETHOS	LAB_AC_S	event	64	enum	0=RESET|1=DRAIN|2=DRYOUT|3=EIB OFF|4=OFF|5=ON|6=STARTUP|7=TEST	Lab Starboard Air Conditioner State	Lab Starboard Air Conditioner State. Status of the Lab s Starboard Air Coditioner/Fan.
USLAB000066	CRONUS	CNC_MDM1	event	64	enum	0=Off|1=On|3=Failed	Command and Control (C&C) Multiplexer/Demultiplexer (MDM) 1 on-off status	Command and Control (C&C) Multiplexer/Demultiplexer (MDM) 1 on-off status
USLAB000067	CRONUS	CNC_MDM2	event	64	enum	0=Off|1=On|3=Failed	Command and Control (C&C) Multiplexer/Demultiplexer (MDM) 2 on-off status	Command and Control (C&C) Multiplexer/Demultiplexer (MDM) 2 on-off status
USLAB000068	CRONUS	CNC_MDM3	event	64	enum	0=Off|1=On|3=Failed	Command and Control (C&C) Multiplexer/Demultiplexer (MDM) 3 on-off status	Command and Control (C&C) Multiplexer/Demultiplexer (MDM) 3 on-off status
USLAB000069	CRONUS	ICZ_MDM1	event	64	enum	0=Off|1=On|3=Failed	Internal Control Zone Multiplexer/Demultiplexer (MDM) 1 on-off status	Internal Control Zone Multiplexer/Demultiplexer (MDM) 1 on-off status
USLAB000070	CRONUS	ICZ_MDM2	event	64	enum	0=Off|1=On|3=Failed	Internal Control Zone Multiplexer/Demultiplexer (MDM) 2 on-off status	Internal Control Zone Multiplexer/Demultiplexer (MDM) 2 on-off status
USLAB000071	CRONUS	PL_MDM1	event	64	enum	0=Off|1=On|3=Failed	Payload (PL) Multiplexer/Demultiplexer (MDM) 1 on-off status	Payload (PL) Multiplexer/Demultiplexer (MDM) 1 on-off status
USLAB000072	CRONUS	PL_MDM2	event	64	enum	0=Off|1=On|3=Failed	Payload (PL) Multiplexer/Demultiplexer (MDM) 2 on-off status	Payload (PL) Multiplexer/Demultiplexer (MDM) 2 on-off status
USLAB000073	CRONUS	GNC_MDM1	event	64	enum	0=Off|1=On|3=Failed	Guidance, Navigation and Control (GNC) Multiplexer/Demultiplexer 1 on-off status	Guidance, Navigation and Control (GNC) Multiplexer/Demultiplexer 1 on-off status
USLAB000074	CRONUS	GNC_MDM2	event	64	enum	0=Off|1=On|3=Failed	Guidance, Navigation and Control (GNC) Multiplexer/Demultiplexer 2 on-off status	Guidance, Navigation and Control (GNC) Multiplexer/Demultiplexer 2 on-off status
USLAB000075	CRONUS	PMCU_MDM1	event	64	enum	0=Off|1=On|3=Failed	Power Mangement Controller Unit (PMCU) 1 Multiplexer/Demultiplexer 1 on-off status	Power Mangement Controller Unit (PMCU) 1 Multiplexer/Demultiplexer 1 on-off status
USLAB000076	CRONUS	PMCU_MDM2	event	64	enum	0=Off|1=On|3=Failed	Power Mangement Controller Unit (PMCU) 2 Multiplexer/Demultiplexer 1 on-off status	Power Mangement Controller Unit (PMCU) 2 Multiplexer/Demultiplexer 1 on-off status
USLAB000077	CRONUS	USLAB_MDM1	event	64	enum	0=Off|1=On|3=Failed	US Lab Multiplexer/Demultiplexer (MDM) 1 on-off status	US Lab Multiplexer/Demultiplexer (MDM) 1 on-off status
USLAB000078	CRONUS	USLAB_MDM2	event	64	enum	0=Off|1=On|3=Failed	US Lab Multiplexer/Demultiplexer (MDM) 2 on-off status	US Lab Multiplexer/Demultiplexer (MDM) 2 on-off status
USLAB000079	CRONUS	USLAB_MDM3	event	64	enum	0=Off|1=On|3=Failed	US Lab Multiplexer/Demultiplexer (MDM) 3 on-off status	US Lab Multiplexer/Demultiplexer (MDM) 3 on-off status
USLAB000080	CRONUS	PMM_PWR	event	64	enum	0=Off|1=On|3=Failed	Permanent Multipurpose Module - System Power voltage status	Permanent Multipurpose Module - System Power voltage status
USLAB000081	VVO	AMIP	event	64	enum	0=FALSE|1=TRUE	Attitude Maneuver In Progress status	Attitude Maneuver In Progress status
USLAB000082	CRONUS	STCC	quantity	12	sprintf	%5.4f	Standard Command Counter - Count of standard commands received by the ISS Command and Control Computer	Standard Command Counter - Count of standard commands received by the ISS Command and Control Computer
USLAB000083	CRONUS	DLCC	quantity	12	sprintf	%5.4f	Data Load Command Counter - Count of data load commands received by the ISS Command and Control Computer	Data Load Command Counter - Count of data load commands received by the ISS Command and Control Computer
USLAB000084	CRONUS	CNC_DMD_T_C	seconds	12	sprintf	%sgT	ISS Command and Control Multiplexer/Demultiplexer Onboard Time (course)	ISS Command and Control Multiplexer/Demultiplexer Onboard Time (course)
USLAB000085	CRONUS	CNC_DMD_T_F	seconds	12	sprintf	%5.4f	ISS Command and Control Multiplexer/Demultiplexer Onboard Time (fine)	ISS Command and Control Multiplexer/Demultiplexer Onboard Time (fine)
USLAB000086	VVO	ISS_M	event	64	enum	1=Standard|2=Microgravity|4=Reboost|8=Proximity_Ops|16=External_Ops|32=Survival|64=ASCR|127=all_modes	ISS Station Mode	ISS Station Mode
USLAB000087	CRONUS	PCS_CON	quantity	12	sprintf	%5.4f	PCS Connection Count - Number of crew Portable Computer System laptops active and connected to the Primary Command and Control (C&C) Multiplexer/Demultiplexer (MDM)	PCS Connection Count - Number of crew Portable Computer System laptops active and connected to the Primary Command and Control (C&C) Multiplexer/Demultiplexer (MDM)
USLAB000088	CRONUS	KUV_DL1	event	64	enum	0=INACTIVE|1=ACTIVE	Ku-Band Video Downlink Channel 1 Activity	Ku-Band Video Downlink Channel 1 Activity
USLAB000089	CRONUS	KUV_DL2	event	64	enum	0=INACTIVE|1=ACTIVE	Ku-Band Video Downlink Channel 2 Activity	Ku-Band Video Downlink Channel 2 Activity
USLAB000090	CRONUS	KUV_DL3	event	64	enum	0=INACTIVE|1=ACTIVE	Ku-Band Video Downlink Channel 3 Activity	Ku-Band Video Downlink Channel 3 Activity
USLAB000091	CRONUS	KUV_DL4	event	64	enum	0=INACTIVE|1=ACTIVE	Ku-Band Video Downlink Channel 4 Activity	Ku-Band Video Downlink Channel 4 Activity
USLAB000092	CRONUS	ASSB	channel	12	sprintf	%5.4f	Active String of S-Band	Active String of S-Band
USLAB000093	CRONUS	IAC1	event	64	enum	0=Backup|1=Active	Internal Audio Controller (IAC) - IAC-1 Active/Backup Indication	Internal Audio Controller (IAC) - IAC-1 Active/Backup Indication
USLAB000094	CRONUS	IAC2	event	64	enum	0=Backup|1=Active	Internal Audio Controller (IAC) - IAC-2 Active/Backup Indication	Internal Audio Controller (IAC) - IAC-2 Active/Backup Indication
USLAB000095	CRONUS	VSRC_DL1	event	64	enum	1=S3 Aft (S3AFT)|2=S1 Upper Outboard (S1UPOB)|4=S1 Lower Outboard (S1LOOB)|7=S1 Upper Inboard (S1UPIB)|8=S1 Lower Inboard (S1LOIB)|11=P1 Upper Inboard (P1UPIB)|14=P1 Lower Inboard (P1LOIB)|16=P1 Upper Outboard (P1UPOB)|19=P1 Lower Outboard (P1LOOB)|21=P3 Aft (P3AFT)|25=Node 2 Nadir (NOD2LO)|26=Node 1 Zenith (NOD1UP)|28=Lab Starboard (LABS)|13=Node 3 Starboard/Forward (NOD3S)|40=SSRMS Base LEE (BLEE)|43=SSRMS Base Elbow (BELB)|48=SSRMS Tip Elbow (TELB)|51=SSRMS Tip LEE (TLEE)|32=MBS POA (POA)|35=MBS CLPA LAUNCH (MBS CLPA)|37=MBS CLPA (MAST)|33=SPDM Spare (SPDMS1)|34=SPDM Spare (SPDMS2)|36=SPDM LEE (SPDMLEE)|56=SPDM Arm 1 OTCM (OTCM1)|57=SPDM Body Camera 1 (BODY1)|58=SPDM Arm 2 OTCM (OTCM2)|59=SPDM Body Camera 2 (BODY2)|60=MSS Payload Camera 1 (SSRMS PL1)|61=MSS Payload Camera 2 (SSRMS PL2)|62=MSS Payload Camera 3 (SSRMS PL3)|63=MSS Payload Camera 4 (MSS PL1)|64=MSS Payload Camera 5 (MSS PL2)|5=JEM Channel 1 (JPM a)|6=JEM Channel 2 (JPM b)|9=APM Channel 1 (COL 1)|10=APM Channel 2 (COL 2)|17=Orbiter Channel 1 (ORB1)|18=Orbiter Channel 2 (ORB2)|52=AVU1 Channel A (Lab AVU1)|53=AVU1 Channel B (Lab AVU2)|54=AVU2 Channel A (CUP AVU1)|55=AVU2 Channel B (CUP AVU2)|23=VTR1 PLAYBACK (VTR1)|24=VTR2 PLAYBACK (VTR2)|3=SCU 1 MUX Output (SCU1)|12=SCU 2 MUX Output (SCU2)|15=SCU 1 Test Pattern (SCU1 Test)|20=SCU 2 Test Pattern (SCU2 Test)|68=LAB Camcorder (LABCAM)|77=Airlock Camcorder (A/L CAM)|79=Node 1 Camcorder (N1 CAM)|80=Node 3 Camcorder (N3 CAM)|65=ISPR LAB1D3 (LAB1D3)|66=ISPR LAB1P2 (LAB1P2)|67=ISPR LAB1P4 (LAB1P4)|69=ISPR LAB1O5 (LAB105)|70=ISPR LAB1O4 (LAB104)|71=ISPR LAB1O3 (LAB103)|72=ISPR LAB1O2 (LAB102)|73=ISPR LAB1O1 (LAB101)|74=ISPR LAB1S1 (LAB1S1)|75=ISPR LAB1S2 (LAB1S2)|76=ISPR LAB1S3 (LAB1S3)|78=ISPR LAB1S4 (LAB1S4)	Video Source Routed to Downlink 1	Video Source Routed to Downlink 1
USLAB000096	CRONUS	VSRC_DL2	event	64	enum	1=S3 Aft (S3AFT)|2=S1 Upper Outboard (S1UPOB)|4=S1 Lower Outboard (S1LOOB)|7=S1 Upper Inboard (S1UPIB)|8=S1 Lower Inboard (S1LOIB)|11=P1 Upper Inboard (P1UPIB)|14=P1 Lower Inboard (P1LOIB)|16=P1 Upper Outboard (P1UPOB)|19=P1 Lower Outboard (P1LOOB)|21=P3 Aft (P3AFT)|25=Node 2 Nadir (NOD2LO)|26=Node 1 Zenith (NOD1UP)|28=Lab Starboard (LABS)|13=Node 3 Starboard/Forward (NOD3S)|40=SSRMS Base LEE (BLEE)|43=SSRMS Base Elbow (BELB)|48=SSRMS Tip Elbow (TELB)|51=SSRMS Tip LEE (TLEE)|32=MBS POA (POA)|35=MBS CLPA LAUNCH (MBS CLPA)|37=MBS CLPA (MAST)|33=SPDM Spare (SPDMS1)|34=SPDM Spare (SPDMS2)|36=SPDM LEE (SPDMLEE)|56=SPDM Arm 1 OTCM (OTCM1)|57=SPDM Body Camera 1 (BODY1)|58=SPDM Arm 2 OTCM (OTCM2)|59=SPDM Body Camera 2 (BODY2)|60=MSS Payload Camera 1 (SSRMS PL1)|61=MSS Payload Camera 2 (SSRMS PL2)|62=MSS Payload Camera 3 (SSRMS PL3)|63=MSS Payload Camera 4 (MSS PL1)|64=MSS Payload Camera 5 (MSS PL2)|5=JEM Channel 1 (JPM a)|6=JEM Channel 2 (JPM b)|9=APM Channel 1 (COL 1)|10=APM Channel 2 (COL 2)|17=Orbiter Channel 1 (ORB1)|18=Orbiter Channel 2 (ORB2)|52=AVU1 Channel A (Lab AVU1)|53=AVU1 Channel B (Lab AVU2)|54=AVU2 Channel A (CUP AVU1)|55=AVU2 Channel B (CUP AVU2)|23=VTR1 PLAYBACK (VTR1)|24=VTR2 PLAYBACK (VTR2)|3=SCU 1 MUX Output (SCU1)|12=SCU 2 MUX Output (SCU2)|15=SCU 1 Test Pattern (SCU1 Test)|20=SCU 2 Test Pattern (SCU2 Test)|68=LAB Camcorder (LABCAM)|77=Airlock Camcorder (A/L CAM)|79=Node 1 Camcorder (N1 CAM)|80=Node 3 Camcorder (N3 CAM)|65=ISPR LAB1D3 (LAB1D3)|66=ISPR LAB1P2 (LAB1P2)|67=ISPR LAB1P4 (LAB1P4)|69=ISPR LAB1O5 (LAB105)|70=ISPR LAB1O4 (LAB104)|71=ISPR LAB1O3 (LAB103)|72=ISPR LAB1O2 (LAB102)|73=ISPR LAB1O1 (LAB101)|74=ISPR LAB1S1 (LAB1S1)|75=ISPR LAB1S2 (LAB1S2)|76=ISPR LAB1S3 (LAB1S3)|78=ISPR LAB1S4 (LAB1S4)	Video Source Routed to Downlink 2	Video Source Routed to Downlink 2
USLAB000097	CRONUS	VSRC_DL3	event	64	enum	1=S3 Aft (S3AFT)|2=S1 Upper Outboard (S1UPOB)|4=S1 Lower Outboard (S1LOOB)|7=S1 Upper Inboard (S1UPIB)|8=S1 Lower Inboard (S1LOIB)|11=P1 Upper Inboard (P1UPIB)|14=P1 Lower Inboard (P1LOIB)|16=P1 Upper Outboard (P1UPOB)|19=P1 Lower Outboard (P1LOOB)|21=P3 Aft (P3AFT)|25=Node 2 Nadir (NOD2LO)|26=Node 1 Zenith (NOD1UP)|28=Lab Starboard (LABS)|13=Node 3 Starboard/Forward (NOD3S)|40=SSRMS Base LEE (BLEE)|43=SSRMS Base Elbow (BELB)|48=SSRMS Tip Elbow (TELB)|51=SSRMS Tip LEE (TLEE)|32=MBS POA (POA)|35=MBS CLPA LAUNCH (MBS CLPA)|37=MBS CLPA (MAST)|33=SPDM Spare (SPDMS1)|34=SPDM Spare (SPDMS2)|36=SPDM LEE (SPDMLEE)|56=SPDM Arm 1 OTCM (OTCM1)|57=SPDM Body Camera 1 (BODY1)|58=SPDM Arm 2 OTCM (OTCM2)|59=SPDM Body Camera 2 (BODY2)|60=MSS Payload Camera 1 (SSRMS PL1)|61=MSS Payload Camera 2 (SSRMS PL2)|62=MSS Payload Camera 3 (SSRMS PL3)|63=MSS Payload Camera 4 (MSS PL1)|64=MSS Payload Camera 5 (MSS PL2)|5=JEM Channel 1 (JPM a)|6=JEM Channel 2 (JPM b)|9=APM Channel 1 (COL 1)|10=APM Channel 2 (COL 2)|17=Orbiter Channel 1 (ORB1)|18=Orbiter Channel 2 (ORB2)|52=AVU1 Channel A (Lab AVU1)|53=AVU1 Channel B (Lab AVU2)|54=AVU2 Channel A (CUP AVU1)|55=AVU2 Channel B (CUP AVU2)|23=VTR1 PLAYBACK (VTR1)|24=VTR2 PLAYBACK (VTR2)|3=SCU 1 MUX Output (SCU1)|12=SCU 2 MUX Output (SCU2)|15=SCU 1 Test Pattern (SCU1 Test)|20=SCU 2 Test Pattern (SCU2 Test)|68=LAB Camcorder (LABCAM)|77=Airlock Camcorder (A/L CAM)|79=Node 1 Camcorder (N1 CAM)|80=Node 3 Camcorder (N3 CAM)|65=ISPR LAB1D3 (LAB1D3)|66=ISPR LAB1P2 (LAB1P2)|67=ISPR LAB1P4 (LAB1P4)|69=ISPR LAB1O5 (LAB105)|70=ISPR LAB1O4 (LAB104)|71=ISPR LAB1O3 (LAB103)|72=ISPR LAB1O2 (LAB102)|73=ISPR LAB1O1 (LAB101)|74=ISPR LAB1S1 (LAB1S1)|75=ISPR LAB1S2 (LAB1S2)|76=ISPR LAB1S3 (LAB1S3)|78=ISPR LAB1S4 (LAB1S4)	Video Source Routed to Downlink 3	Video Source Routed to Downlink 3
USLAB000098	CRONUS	VSRC_DL4	event	64	enum	1=S3 Aft (S3AFT)|2=S1 Upper Outboard (S1UPOB)|4=S1 Lower Outboard (S1LOOB)|7=S1 Upper Inboard (S1UPIB)|8=S1 Lower Inboard (S1LOIB)|11=P1 Upper Inboard (P1UPIB)|14=P1 Lower Inboard (P1LOIB)|16=P1 Upper Outboard (P1UPOB)|19=P1 Lower Outboard (P1LOOB)|21=P3 Aft (P3AFT)|25=Node 2 Nadir (NOD2LO)|26=Node 1 Zenith (NOD1UP)|28=Lab Starboard (LABS)|13=Node 3 Starboard/Forward (NOD3S)|40=SSRMS Base LEE (BLEE)|43=SSRMS Base Elbow (BELB)|48=SSRMS Tip Elbow (TELB)|51=SSRMS Tip LEE (TLEE)|32=MBS POA (POA)|35=MBS CLPA LAUNCH (MBS CLPA)|37=MBS CLPA (MAST)|33=SPDM Spare (SPDMS1)|34=SPDM Spare (SPDMS2)|36=SPDM LEE (SPDMLEE)|56=SPDM Arm 1 OTCM (OTCM1)|57=SPDM Body Camera 1 (BODY1)|58=SPDM Arm 2 OTCM (OTCM2)|59=SPDM Body Camera 2 (BODY2)|60=MSS Payload Camera 1 (SSRMS PL1)|61=MSS Payload Camera 2 (SSRMS PL2)|62=MSS Payload Camera 3 (SSRMS PL3)|63=MSS Payload Camera 4 (MSS PL1)|64=MSS Payload Camera 5 (MSS PL2)|5=JEM Channel 1 (JPM a)|6=JEM Channel 2 (JPM b)|9=APM Channel 1 (COL 1)|10=APM Channel 2 (COL 2)|17=Orbiter Channel 1 (ORB1)|18=Orbiter Channel 2 (ORB2)|52=AVU1 Channel A (Lab AVU1)|53=AVU1 Channel B (Lab AVU2)|54=AVU2 Channel A (CUP AVU1)|55=AVU2 Channel B (CUP AVU2)|23=VTR1 PLAYBACK (VTR1)|24=VTR2 PLAYBACK (VTR2)|3=SCU 1 MUX Output (SCU1)|12=SCU 2 MUX Output (SCU2)|15=SCU 1 Test Pattern (SCU1 Test)|20=SCU 2 Test Pattern (SCU2 Test)|68=LAB Camcorder (LABCAM)|77=Airlock Camcorder (A/L CAM)|79=Node 1 Camcorder (N1 CAM)|80=Node 3 Camcorder (N3 CAM)|65=ISPR LAB1D3 (LAB1D3)|66=ISPR LAB1P2 (LAB1P2)|67=ISPR LAB1P4 (LAB1P4)|69=ISPR LAB1O5 (LAB105)|70=ISPR LAB1O4 (LAB104)|71=ISPR LAB1O3 (LAB103)|72=ISPR LAB1O2 (LAB102)|73=ISPR LAB1O1 (LAB101)|74=ISPR LAB1S1 (LAB1S1)|75=ISPR LAB1S2 (LAB1S2)|76=ISPR LAB1S3 (LAB1S3)|78=ISPR LAB1S4 (LAB1S4)	Video Source Routed to Downlink 4	Video Source Routed to Downlink 4
USLAB000099	CRONUS	STSR1_PWR	event	64	enum	0=Off|1=On|3=Failed	Space-To-Space Radio (UHF) 1 Power	Space-To-Space Radio (UHF) 1 Power
USLAB000100	CRONUS	STSR2_PWR	event	64	enum	0=Off|1=On|3=Failed	Space-To-Space Radio (UHF) 2 Power	Space-To-Space Radio (UHF) 2 Power
USLAB000101	CRONUS	STSR_LOCK	event	64	enum	0=Frame Sync unlocked|1=Frame Sync locked	Space-To-Space Radio Frame Sync Lock	Space-To-Space Radio Frame Sync Lock
USLAB000102	TOPO	SV_DT	seconds	12	sprintf	%sgT	State vector time tag	State vector time tag. Time used to define the ISS state vector.
